-- phpMyAdmin SQL Dump
-- version 5.1.0
-- https://www.phpmyadmin.net/
--
-- Host: localhost
-- Generation Time: Apr 20, 2021 at 12:21 PM
-- Server version: 10.4.18-MariaDB
-- PHP Version: 7.4.16

SET SQL_MODE = "NO_AUTO_VALUE_ON_ZERO";
START TRANSACTION;
SET time_zone = "+00:00";


/*!40101 SET @OLD_CHARACTER_SET_CLIENT=@@CHARACTER_SET_CLIENT */;
/*!40101 SET @OLD_CHARACTER_SET_RESULTS=@@CHARACTER_SET_RESULTS */;
/*!40101 SET @OLD_COLLATION_CONNECTION=@@COLLATION_CONNECTION */;
/*!40101 SET NAMES utf8mb4 */;

--
-- Database: `LetMeSell`
--

-- --------------------------------------------------------

--
-- Table structure for table `Customer`
--

CREATE TABLE `Customer` (
  `Customer_ID` varchar(8) COLLATE utf8mb4_thai_520_w2 NOT NULL,
  `Fname` varchar(20) COLLATE utf8mb4_thai_520_w2 NOT NULL,
  `Lname` varchar(20) COLLATE utf8mb4_thai_520_w2 NOT NULL,
  `Address` varchar(40) COLLATE utf8mb4_thai_520_w2 DEFAULT NULL,
  `Post_code` varchar(5) COLLATE utf8mb4_thai_520_w2 NOT NULL
) ENGINE=InnoDB DEFAULT CHARSET=utf8mb4 COLLATE=utf8mb4_thai_520_w2;

--
-- Dumping data for table `Customer`
--

INSERT INTO `Customer` (`Customer_ID`, `Fname`, `Lname`, `Address`, `Post_code`) VALUES
('1', 'Flor', 'Stone', NULL, '10520'),
('10', 'Charlie', 'Sutherland', NULL, '31000'),
('100', 'Elisha', 'Lloyd', NULL, '10540'),
('101', 'Samara', 'Barnett', NULL, '50000'),
('102', 'Nadia', 'Sawyer', NULL, '10540'),
('103', 'Melita', 'Holcomb', NULL, '52000'),
('104', 'Evita', 'Dickerson', NULL, '57000'),
('105', 'Aundrea', 'Barry', NULL, '52000'),
('106', 'Irvin', 'Leach', NULL, '52000'),
('107', 'Kellee', 'Molina', NULL, '20000'),
('108', 'Ronny', 'Sykes', NULL, '50000'),
('109', 'Ocie', 'Walton', NULL, '10520'),
('11', 'Charlie', 'Pacino', NULL, '52000'),
('110', 'Reva', 'Fuller', NULL, '57000'),
('111', 'Marica', 'Henderson', NULL, '10540'),
('112', 'Vanetta', 'Gross', NULL, '81000'),
('113', 'Audrea', 'Hayden', NULL, '57000'),
('114', 'Neda', 'Mcfadden', NULL, '60000'),
('115', 'Dell', 'Wilkinson', NULL, '20000'),
('116', 'Sharee', 'Carver', NULL, '60000'),
('117', 'Joaquina', 'Mcconnell', NULL, '31000'),
('118', 'Carlyn', 'Calderon', NULL, '60000'),
('119', 'Olga', 'Wilkins', NULL, '40000'),
('12', 'Guillaume', 'Jackson', NULL, '57000'),
('120', 'Delpha', 'Golden', NULL, '10540'),
('121', 'Sharell', 'Branch', NULL, '81000'),
('122', 'Eleanor', 'Farley', NULL, '52000'),
('123', 'Justina', 'Hayes', NULL, '10520'),
('124', 'Omer', 'Macdonald', NULL, '60000'),
('125', 'Roseline', 'Hill', NULL, '57000'),
('126', 'Janeen', 'Holt', NULL, '81000'),
('127', 'Tory', 'Avila', NULL, '60000'),
('128', 'Keila', 'Slater', NULL, '31000'),
('129', 'Jazmin', 'Burch', NULL, '10540'),
('13', 'Daniel', 'Costner', NULL, '50000'),
('130', 'Tandy', 'Ramsey', NULL, '20000'),
('131', 'Debra', 'Herring', NULL, '50000'),
('132', 'Monnie', 'Walker', NULL, '40000'),
('133', 'Alvaro', 'Hooper', NULL, '52000'),
('134', 'Leandro', 'West', NULL, '52000'),
('135', 'Lurline', 'Dennis', NULL, '20000'),
('136', 'Aurea', 'Sanders', NULL, '20000'),
('137', 'Stacia', 'Rutledge', NULL, '10540'),
('138', 'Philomena', 'Elliott', NULL, '20000'),
('139', 'Gonzalo', 'Stone', NULL, '10540'),
('14', 'Dianne', 'Derek', NULL, '20000'),
('140', 'So', 'Hardin', NULL, '60000'),
('141', 'Lauren', 'Rodriquez', NULL, '50000'),
('142', 'Loan', 'Patton', NULL, '52000'),
('143', 'Ha', 'Lowe', NULL, '57000'),
('144', 'Alexandra', 'Mcgowan', NULL, '20000'),
('145', 'Melissa', 'Nichols', NULL, '81000'),
('146', 'Keesha', 'Cohen', NULL, '31000'),
('147', 'Elvera', 'Benson', NULL, '31000'),
('148', 'Lanora', 'Ray', NULL, '40000'),
('149', 'Jimmy', 'Weber', NULL, '20000'),
('15', 'Geraldine', 'Schneider', NULL, '57000'),
('150', 'Mae', 'Wilkinson', NULL, '10520'),
('151', 'Lino', 'Noble', NULL, '10540'),
('152', 'Kathie', 'Jordan', NULL, '57000'),
('153', 'Heike', 'Emerson', NULL, '10520'),
('154', 'Princess', 'Jones', NULL, '60000'),
('155', 'Doretha', 'Tyler', NULL, '57000'),
('156', 'Emilio', 'Duncan', NULL, '10520'),
('157', 'Glinda', 'Lambert', NULL, '60000'),
('158', 'Emery', 'Schneider', NULL, '31000'),
('159', 'Amado', 'Jefferson', NULL, '52000'),
('16', 'Geraldine', 'Martin', NULL, '31000'),
('160', 'Hisako', 'Herrera', NULL, '52000'),
('161', 'Jamee', 'Mclaughlin', NULL, '50000'),
('162', 'Audrie', 'Cannon', NULL, '60000'),
('163', 'Lacey', 'Walters', NULL, '10520'),
('164', 'Weldon', 'Robinson', NULL, '20000'),
('165', 'Solange', 'Gates', NULL, '57000'),
('166', 'Jame', 'Calhoun', NULL, '20000'),
('167', 'Stefan', 'Walters', NULL, '60000'),
('168', 'Arlene', 'Elliott', NULL, '57000'),
('169', 'Sofia', 'Burnett', NULL, '50000'),
('17', 'Guillaume', 'Edwards', NULL, '50000'),
('170', 'Christal', 'Grant', NULL, '31000'),
('171', 'Violeta', 'Stokes', NULL, '52000'),
('172', 'Jackeline', 'Finley', NULL, '57000'),
('173', 'Heidy', 'Massey', NULL, '40000'),
('174', 'Yolando', 'Wilkerson', NULL, '52000'),
('175', 'Lucinda', 'Hurley', NULL, '57000'),
('176', 'Gita', 'Logan', NULL, '10540'),
('177', 'Felicita', 'Alston', NULL, '52000'),
('178', 'Lela', 'Ewing', NULL, '57000'),
('179', 'Gabriel', 'Pollard', NULL, '60000'),
('18', 'Maurice', 'Mahoney', NULL, '50000'),
('180', 'Vincenza', 'Walton', NULL, '10540'),
('181', 'Shandra', 'Higgins', NULL, '50000'),
('182', 'Thomasena', 'Pickett', NULL, '10540'),
('183', 'Aaron', 'Holder', NULL, '81000'),
('184', 'Carlos', 'Moody', NULL, '10520'),
('185', 'Javier', 'Kim', NULL, '81000'),
('186', 'Fran', 'Battle', NULL, '31000'),
('187', 'Shelia', 'Brewer', NULL, '57000'),
('188', 'Jeri', 'Randall', NULL, '57000'),
('189', 'Jermaine', 'Cote', NULL, '50000'),
('19', 'Maurice', 'Hasan', NULL, '10520'),
('190', 'Kenneth', 'Simmons', NULL, '10540'),
('191', 'Dulce', 'Matthews', NULL, '52000'),
('192', 'Kristle', 'Cain', NULL, '81000'),
('193', 'Erika', 'Murray', NULL, '60000'),
('194', 'Maud', 'Cohen', NULL, '57000'),
('195', 'Rolanda', 'Vang', NULL, '57000'),
('196', 'Renea', 'Carney', NULL, '81000'),
('197', 'Sybil', 'Harding', NULL, '40000'),
('198', 'Colette', 'Estrada', NULL, '57000'),
('199', 'Maximo', 'Ortega', NULL, '20000'),
('2', 'Lavera', 'Emerson', NULL, '57000'),
('20', 'Diane', 'Higgins', NULL, '52000'),
('200', 'Kina', 'Larsen', NULL, '57000'),
('201', 'Jarvis', 'Allison', NULL, '31000'),
('202', 'Collene', 'Newton', NULL, '52000'),
('203', 'Vella', 'Hancock', NULL, '10520'),
('204', 'Retta', 'Martinez', NULL, '10520'),
('205', 'Annelle', 'Lawrence', NULL, '52000'),
('206', 'Sherron', 'Simon', NULL, '20000'),
('207', 'Carita', 'Mcintyre', NULL, '52000'),
('208', 'Stephaine', 'Booker', NULL, '10520'),
('209', 'Emilie', 'Parsons', NULL, '31000'),
('21', 'Dianne', 'Sen', NULL, '31000'),
('210', 'Jaleesa', 'Bowen', NULL, '57000'),
('211', 'Jeannie', 'Poole', NULL, '81000'),
('212', 'Adrienne', 'Lang', NULL, '81000'),
('213', 'Jess', 'Nguyen', NULL, '10540'),
('214', 'Tandy', 'House', NULL, '52000'),
('215', 'Herman', 'Stokes', NULL, '31000'),
('216', 'Keesha', 'Lambert', NULL, '50000'),
('217', 'Lauren', 'Williamson', NULL, '31000'),
('218', 'Lucius', 'Abbott', NULL, '40000'),
('219', 'Beatrice', 'Ford', NULL, '10520'),
('22', 'Maurice', 'Daltrey', NULL, '10540'),
('220', 'Tamisha', 'Vargas', NULL, '31000'),
('221', 'Dick', 'Lamb', NULL, '81000'),
('222', 'Yolanda', 'Ball', NULL, '10520'),
('223', 'Jerica', 'Brooks', NULL, '10520'),
('224', 'Nichol', 'Carter', NULL, '50000'),
('225', 'Bobby', 'Wilson', NULL, '50000'),
('226', 'Eve', 'Saunders', NULL, '60000'),
('227', 'Ginger', 'Atkinson', NULL, '40000'),
('228', 'Kenton', 'Harrell', NULL, '40000'),
('229', 'Misti', 'Velazquez', NULL, '10520'),
('23', 'Tess', 'Roth', NULL, '20000'),
('230', 'Brandie', 'Buchanan', NULL, '60000'),
('231', 'Kandi', 'Holden', NULL, '20000'),
('232', 'Lashonda', 'Cunningham', NULL, '31000'),
('233', 'Roxanne', 'Michalkow', NULL, '31000'),
('234', 'Phuong', 'Sanders', NULL, '31000'),
('235', 'Vida', 'Kline', NULL, '10520'),
('236', 'Mayola', 'Houston', NULL, '52000'),
('237', 'Cristine', 'Bell', NULL, '81000'),
('238', 'Shamika', 'Bauer', NULL, '81000'),
('239', 'Rebbeca', 'Day', NULL, '31000'),
('24', 'Ka', 'Kaufman', NULL, '10540'),
('240', 'Maryrose', 'Cain', NULL, '40000'),
('241', 'Johnie', 'Rojas', NULL, '10520'),
('242', 'Verla', 'Christian', NULL, '81000'),
('243', 'Teressa', 'Hewitt', NULL, '60000'),
('244', 'Shenna', 'Blair', NULL, '40000'),
('245', 'Latoyia', 'Burt', NULL, '10540'),
('246', 'Shaquita', 'Norman', NULL, '10540'),
('247', 'Myrna', 'Romero', NULL, '31000'),
('248', 'Bill', 'Stein', NULL, '40000'),
('249', 'Olivia', 'Conrad', NULL, '20000'),
('25', 'Sharyl', 'Montoya', NULL, '60000'),
('250', 'Marianne', 'Bryant', NULL, '60000'),
('251', 'Dustin', 'Paul', NULL, '20000'),
('252', 'Elroy', 'Wolf', NULL, '10520'),
('253', 'Jadwiga', 'Morrison', NULL, '31000'),
('254', 'Isabella', 'Ortega', NULL, '31000'),
('255', 'Katia', 'Case', NULL, '50000'),
('256', 'Enriqueta', 'Odom', NULL, '60000'),
('257', 'Don', 'Hansen', NULL, '81000'),
('258', 'Herb', 'Sloan', NULL, '60000'),
('259', 'Blanche', 'Robbins', NULL, '20000'),
('26', 'Daniel', 'Glass', NULL, '20000'),
('260', 'Gaynell', 'Burton', NULL, '52000'),
('261', 'Marhta', 'Baldwin', NULL, '31000'),
('262', 'Peter', 'Gamble', NULL, '81000'),
('263', 'Nathan', 'Callahan', NULL, '50000'),
('264', 'Tereasa', 'Padilla', NULL, '50000'),
('265', 'Merrilee', 'Phillips', NULL, '10540'),
('266', 'Tisha', 'Mcdonald', NULL, '40000'),
('267', 'Napoleon', 'Cruz', NULL, '50000'),
('268', 'Basilia', 'Downs', NULL, '81000'),
('269', 'Alessandra', 'Estrada', NULL, '10520'),
('27', 'Rena', 'Arnold', NULL, '60000'),
('270', 'Sherron', 'Flores', NULL, '10540'),
('271', 'Elicia', 'Townsend', NULL, '81000'),
('272', 'Percy', 'Hernandez', NULL, '40000'),
('273', 'Shelia', 'Cain', NULL, '10540'),
('274', 'Charlene', 'Booker', NULL, '81000'),
('275', 'Mac', 'Mckay', NULL, '10520'),
('276', 'Jamison', 'Merritt', NULL, '50000'),
('277', 'Quinton', 'Woods', NULL, '31000'),
('278', 'Cathey', 'Mcdowell', NULL, '81000'),
('279', 'Deneen', 'Hays', NULL, '20000'),
('28', 'Arlyne', 'Ingram', NULL, '60000'),
('280', 'Jackson', 'Morin', NULL, '57000'),
('281', 'Margo', 'Hoffman', NULL, '50000'),
('282', 'Adah', 'Myers', NULL, '31000'),
('283', 'Florene', 'Craig', NULL, '52000'),
('284', 'Janey', 'Burris', NULL, '57000'),
('285', 'Evelina', 'Campbell', NULL, '40000'),
('286', 'Thi', 'Maxwell', NULL, '57000'),
('287', 'Aleshia', 'Reese', NULL, '31000'),
('288', 'Dorotha', 'Wong', NULL, '20000'),
('289', 'Estela', 'Donovan', NULL, '10520'),
('29', 'Willie', 'Barrera', NULL, '31000'),
('290', 'Hassan', 'Rivers', NULL, '10520'),
('291', 'Jen', 'Mcmahon', NULL, '20000'),
('292', 'Barbie', 'Carter', NULL, '81000'),
('293', 'Cleo', 'English', NULL, '81000'),
('294', 'Liana', 'Pena', NULL, '40000'),
('295', 'Francina', 'Slater', NULL, '52000'),
('296', 'Josie', 'Steele', NULL, '60000'),
('297', 'Maryrose', 'Roberson', NULL, '31000'),
('298', 'Elly', 'Salinas', NULL, '10540'),
('299', 'Ginny', 'Carlson', NULL, '52000'),
('3', 'Fern', 'Head', NULL, '57000'),
('30', 'Mireya', 'Cochran', NULL, '20000'),
('300', 'Mozelle', 'Schneider', NULL, '50000'),
('301', 'Adam', 'Jacobs', NULL, '50000'),
('302', 'Vernia', 'Hayes', NULL, '57000'),
('303', 'Ismael', 'Solomon', NULL, '81000'),
('304', 'Ivey', 'Rutledge', NULL, '50000'),
('305', 'Jame', 'Terrell', NULL, '10540'),
('306', 'Daina', 'Combs', NULL, '40000'),
('307', 'Lashunda', 'Davidson', NULL, '10540'),
('308', 'Arlette', 'Thornton', NULL, '10540'),
('309', 'Darron', 'Robertson', NULL, '10540'),
('31', 'Marlene', 'Odom', NULL, '10540'),
('310', 'Maple', 'Barnett', NULL, '10520'),
('311', 'Charlsie', 'Carey', NULL, '10540'),
('312', 'Frank', 'Shannon', NULL, '57000'),
('313', 'Josiah', 'Beasley', NULL, '50000'),
('314', 'Annabelle', 'Butler', NULL, '57000'),
('315', 'Ed', 'Mueller', NULL, '20000'),
('316', 'Colleen', 'Estrada', NULL, '50000'),
('317', 'Nikia', 'Kent', NULL, '31000'),
('318', 'Amber', 'Brady', NULL, '31000'),
('319', 'Wendell', 'Massey', NULL, '81000'),
('32', 'Jaclyn', 'Atkinson', NULL, '31000'),
('33', 'Al', 'Schultz', NULL, '60000'),
('34', 'Felicitas', 'Riley', NULL, '52000'),
('35', 'Cora', 'Calhoun', NULL, '20000'),
('36', 'Trula', 'Buckley', NULL, '31000'),
('37', 'Sasha', 'Wallace', NULL, '10520'),
('38', 'Caitlin', 'Hill', NULL, '40000'),
('39', 'Gino', 'Pickett', NULL, '52000'),
('4', 'Shyla', 'Ortiz', NULL, '31000'),
('40', 'Amira', 'Macdonald', NULL, '50000'),
('41', 'Mack', 'Morse', NULL, '81000'),
('42', 'Eboni', 'Jarvis', NULL, '31000'),
('43', 'Gabrielle', 'Dennis', NULL, '40000'),
('44', 'Classie', 'Norris', NULL, '20000'),
('45', 'Khalilah', 'Holman', NULL, '81000'),
('46', 'Isreal', 'Rose', NULL, '50000'),
('47', 'Verena', 'Hopper', NULL, '57000'),
('48', 'Audie', 'Flores', NULL, '10520'),
('49', 'Gertrude', 'Cooke', NULL, '60000'),
('5', 'Jeni', 'Levy', NULL, '60000'),
('50', 'Princess', 'Kane', NULL, '10520'),
('51', 'Jacinta', 'Faulkner', NULL, '20000'),
('52', 'Lashon', 'Wall', NULL, '10540'),
('53', 'Corliss', 'Mcneil', NULL, '50000'),
('54', 'Brock', 'Webb', NULL, '57000'),
('55', 'Melany', 'Mcmahon', NULL, '31000'),
('56', 'Rogelio', 'Kirby', NULL, '52000'),
('57', 'Wallace', 'Dillard', NULL, '10540'),
('58', 'Gia', 'Boyle', NULL, '31000'),
('59', 'Tennie', 'Gay', NULL, '81000'),
('6', 'Matthias', 'Hannah', NULL, '52000'),
('60', 'Ophelia', 'Hurst', NULL, '20000'),
('61', 'Ciara', 'Flowers', NULL, '60000'),
('62', 'Birgit', 'Stephenson', NULL, '10520'),
('63', 'Shameka', 'Spencer', NULL, '40000'),
('64', 'Alysa', 'Kane', NULL, '10540'),
('65', 'Fransisca', 'Reeves', NULL, '57000'),
('66', 'Jessika', 'Merritt', NULL, '20000'),
('67', 'Agustina', 'Conner', NULL, '10540'),
('68', 'Roxanna', 'Wade', NULL, '52000'),
('69', 'Virgie', 'Mays', NULL, '57000'),
('7', 'Matthias', 'Cruise', NULL, '10520'),
('70', 'Trang', 'Mcconnell', NULL, '50000'),
('71', 'Nada', 'West', NULL, '60000'),
('72', 'Catherina', 'Haney', NULL, '52000'),
('73', 'Harriette', 'Melton', NULL, '10520'),
('74', 'Willette', 'Rodgers', NULL, '10520'),
('75', 'Calandra', 'Williamson', NULL, '52000'),
('76', 'Tamatha', 'Delgado', NULL, '40000'),
('77', 'Felix', 'Ferguson', NULL, '52000'),
('78', 'Elwood', 'Hampton', NULL, '31000'),
('79', 'Josh', 'Roach', NULL, '20000'),
('8', 'Meenakshi', 'Mason', NULL, '52000'),
('80', 'Luanna', 'Scott', NULL, '50000'),
('81', 'Meryl', 'Cole', NULL, '81000'),
('82', 'Jannet', 'Elliott', NULL, '60000'),
('83', 'Fae', 'Glenn', NULL, '40000'),
('84', 'Francisco', 'Cummings', NULL, '40000'),
('85', 'Ermelinda', 'Benton', NULL, '20000'),
('86', 'Lasonya', 'Beard', NULL, '52000'),
('87', 'Rayna', 'Tran', NULL, '60000'),
('88', 'Annice', 'Boyer', NULL, '31000'),
('89', 'Ja', 'Whitfield', NULL, '31000'),
('9', 'Christian', 'Cage', NULL, '52000'),
('90', 'Jaime', 'Lester', NULL, '31000'),
('91', 'Charlsie', 'Lindsey', NULL, '60000'),
('92', 'Jannette', 'Henry', NULL, '20000'),
('93', 'Margart', 'Mccall', NULL, '40000'),
('94', 'Twanna', 'Cleveland', NULL, '20000'),
('95', 'Bronwyn', 'Horn', NULL, '57000'),
('96', 'Jon', 'Petersen', NULL, '60000'),
('97', 'Denny', 'Daniel', NULL, '10540'),
('98', 'Avis', 'Moore', NULL, '50000'),
('99', 'Eden', 'Burke', NULL, '10520');

-- --------------------------------------------------------

--
-- Table structure for table `Ordering`
--

CREATE TABLE `Ordering` (
  `Order_ID` varchar(8) COLLATE utf8mb4_thai_520_w2 NOT NULL,
  `Date` date NOT NULL,
  `Customer_ID` varchar(8) COLLATE utf8mb4_thai_520_w2 NOT NULL,
  `Product_ID` varchar(8) COLLATE utf8mb4_thai_520_w2 NOT NULL,
  `Amount` decimal(8,2) NOT NULL,
  `Price` decimal(8,2) DEFAULT NULL
) ENGINE=InnoDB DEFAULT CHARSET=utf8mb4 COLLATE=utf8mb4_thai_520_w2;

--
-- Dumping data for table `Ordering`
--

INSERT INTO `Ordering` (`Order_ID`, `Date`, `Customer_ID`, `Product_ID`, `Amount`, `Price`) VALUES
('1', '2017-10-15', '4', '126', '95.00', NULL),
('1', '2017-10-15', '4', '137', '116.00', NULL),
('1', '2017-10-15', '4', '138', '131.00', NULL),
('1', '2017-10-15', '4', '169', '105.00', NULL),
('1', '2017-10-15', '4', '170', '129.00', NULL),
('1', '2017-10-15', '4', '178', '121.00', NULL),
('1', '2017-10-15', '4', '196', '139.00', NULL),
('1', '2017-10-15', '4', '210', '87.00', NULL),
('1', '2017-10-15', '4', '226', '103.00', NULL),
('1', '2017-10-15', '4', '30', '41.00', NULL),
('1', '2017-10-15', '4', '64', '52.00', NULL),
('1', '2017-10-15', '4', '78', '77.00', NULL),
('10', '2017-01-24', '44', '10', '102.00', NULL),
('10', '2017-01-24', '44', '119', '107.00', NULL),
('10', '2017-01-24', '44', '127', '52.00', NULL),
('10', '2017-01-24', '44', '145', '118.00', NULL),
('10', '2017-01-24', '44', '172', '133.00', NULL),
('10', '2017-01-24', '44', '18', '124.00', NULL),
('10', '2017-01-24', '44', '182', '83.00', NULL),
('10', '2017-01-24', '44', '218', '68.00', NULL),
('10', '2017-01-24', '44', '64', '96.00', NULL),
('100', '2017-01-05', '16', '280', '70.00', NULL),
('101', '2017-01-03', '3', '102', '123.00', NULL),
('101', '2017-01-03', '3', '113', '134.00', NULL),
('101', '2017-01-03', '3', '135', '134.00', NULL),
('101', '2017-01-03', '3', '150', '36.00', NULL),
('101', '2017-01-03', '3', '17', '47.00', NULL),
('101', '2017-01-03', '3', '20', '138.00', NULL),
('101', '2017-01-03', '3', '284', '52.00', NULL),
('102', '2016-12-20', '45', '196', '69.00', NULL),
('102', '2016-12-20', '45', '247', '149.00', NULL),
('102', '2016-12-20', '45', '95', '117.00', NULL),
('103', '2016-02-08', '17', '258', '142.00', NULL),
('103', '2016-02-08', '17', '6', '117.00', NULL),
('104', '2017-02-01', '18', '129', '74.00', NULL),
('104', '2017-02-01', '18', '171', '90.00', NULL),
('104', '2017-02-01', '18', '178', '145.00', NULL),
('104', '2017-02-01', '18', '281', '85.00', NULL),
('104', '2017-02-01', '18', '45', '48.00', NULL),
('104', '2017-02-01', '18', '48', '51.00', NULL),
('104', '2017-02-01', '18', '51', '139.00', NULL),
('105', '2016-11-17', '1', '103', '77.00', NULL),
('105', '2016-11-17', '1', '138', '80.00', NULL),
('105', '2016-11-17', '1', '183', '79.00', NULL),
('105', '2016-11-17', '1', '242', '67.00', NULL),
('105', '2016-11-17', '1', '275', '45.00', NULL),
('105', '2016-11-17', '1', '31', '116.00', NULL),
('11', '2016-11-29', '45', '40', '79.00', NULL),
('11', '2016-11-29', '45', '96', '113.00', NULL),
('12', '2016-11-29', '46', '141', '110.00', NULL),
('12', '2016-11-29', '46', '144', '70.00', NULL),
('12', '2016-11-29', '46', '169', '114.00', NULL),
('12', '2016-11-29', '46', '191', '41.00', NULL),
('12', '2016-11-29', '46', '208', '133.00', NULL),
('12', '2016-11-29', '46', '210', '37.00', NULL),
('12', '2016-11-29', '46', '236', '114.00', NULL),
('12', '2016-11-29', '46', '256', '85.00', NULL),
('12', '2016-11-29', '46', '282', '117.00', NULL),
('12', '2016-11-29', '46', '42', '75.00', NULL),
('12', '2016-11-29', '46', '63', '58.00', NULL),
('12', '2016-11-29', '46', '96', '120.00', NULL),
('13', '2016-11-29', '47', '167', '89.00', NULL),
('13', '2016-11-29', '47', '225', '137.00', NULL),
('13', '2016-11-29', '47', '240', '80.00', NULL),
('13', '2016-11-29', '47', '245', '138.00', NULL),
('13', '2016-11-29', '47', '30', '60.00', NULL),
('13', '2016-11-29', '47', '39', '67.00', NULL),
('13', '2016-11-29', '47', '84', '46.00', NULL),
('13', '2016-11-29', '47', '85', '82.00', NULL),
('14', '2017-09-28', '48', '113', '32.00', NULL),
('14', '2017-09-28', '48', '114', '40.00', NULL),
('14', '2017-09-28', '48', '129', '98.00', NULL),
('14', '2017-09-28', '48', '188', '79.00', NULL),
('14', '2017-09-28', '48', '206', '133.00', NULL),
('14', '2017-09-28', '48', '231', '87.00', NULL),
('14', '2017-09-28', '48', '238', '64.00', NULL),
('14', '2017-09-28', '48', '239', '125.00', NULL),
('15', '2017-09-27', '49', '154', '67.00', NULL),
('15', '2017-09-27', '49', '230', '92.00', NULL),
('15', '2017-09-27', '49', '239', '71.00', NULL),
('15', '2017-09-27', '49', '241', '77.00', NULL),
('15', '2017-09-27', '49', '246', '133.00', NULL),
('15', '2017-09-27', '49', '253', '83.00', NULL),
('15', '2017-09-27', '49', '287', '60.00', NULL),
('15', '2017-09-27', '49', '83', '118.00', NULL),
('16', '2016-09-27', '16', '131', '53.00', NULL),
('16', '2016-09-27', '16', '135', '76.00', NULL),
('16', '2016-09-27', '16', '138', '142.00', NULL),
('16', '2016-09-27', '16', '155', '106.00', NULL),
('16', '2016-09-27', '16', '166', '70.00', NULL),
('16', '2016-09-27', '16', '235', '56.00', NULL),
('16', '2016-09-27', '16', '256', '44.00', NULL),
('16', '2016-09-27', '16', '45', '80.00', NULL),
('16', '2016-09-27', '16', '95', '42.00', NULL),
('17', '2017-09-27', '17', '149', '51.00', NULL),
('18', '2016-08-16', '18', '136', '32.00', NULL),
('18', '2016-08-16', '18', '188', '133.00', NULL),
('18', '2016-08-16', '18', '213', '105.00', NULL),
('18', '2016-08-16', '18', '226', '57.00', NULL),
('18', '2016-08-16', '18', '259', '60.00', NULL),
('18', '2016-08-16', '18', '87', '103.00', NULL),
('18', '2016-08-16', '18', '91', '141.00', NULL),
('18', '2016-08-16', '18', '93', '83.00', NULL),
('19', '2016-05-27', '19', '103', '105.00', NULL),
('19', '2016-05-27', '19', '107', '106.00', NULL),
('19', '2016-05-27', '19', '200', '93.00', NULL),
('19', '2016-05-27', '19', '23', '142.00', NULL),
('19', '2016-05-27', '19', '24', '62.00', NULL),
('19', '2016-05-27', '19', '259', '46.00', NULL),
('19', '2016-05-27', '19', '30', '94.00', NULL),
('19', '2016-05-27', '19', '38', '53.00', NULL),
('19', '2016-05-27', '19', '63', '83.00', NULL),
('19', '2016-05-27', '19', '91', '130.00', NULL),
('2', '2015-04-26', '4', '141', '97.00', NULL),
('2', '2015-04-26', '4', '160', '30.00', NULL),
('2', '2015-04-26', '4', '18', '49.00', NULL),
('2', '2015-04-26', '4', '182', '95.00', NULL),
('2', '2015-04-26', '4', '195', '39.00', NULL),
('2', '2015-04-26', '4', '200', '75.00', NULL),
('2', '2015-04-26', '4', '204', '100.00', NULL),
('2', '2015-04-26', '4', '265', '121.00', NULL),
('2', '2015-04-26', '4', '43', '111.00', NULL),
('20', '2017-05-27', '20', '126', '105.00', NULL),
('20', '2017-05-27', '20', '41', '78.00', NULL),
('21', '2017-05-27', '21', '1', '135.00', NULL),
('21', '2017-05-27', '21', '101', '146.00', NULL),
('21', '2017-05-27', '21', '250', '120.00', NULL),
('21', '2017-05-27', '21', '36', '79.00', NULL),
('22', '2016-05-26', '22', '108', '45.00', NULL),
('22', '2016-05-26', '22', '116', '45.00', NULL),
('22', '2016-05-26', '22', '160', '59.00', NULL),
('22', '2016-05-26', '22', '17', '60.00', NULL),
('22', '2016-05-26', '22', '222', '99.00', NULL),
('22', '2016-05-26', '22', '234', '144.00', NULL),
('22', '2016-05-26', '22', '24', '77.00', NULL),
('22', '2016-05-26', '22', '281', '73.00', NULL),
('22', '2016-05-26', '22', '288', '44.00', NULL),
('22', '2016-05-26', '22', '56', '43.00', NULL),
('22', '2016-05-26', '22', '8', '89.00', NULL),
('22', '2016-05-26', '22', '83', '44.00', NULL),
('22', '2016-05-26', '22', '90', '95.00', NULL),
('23', '2016-09-07', '23', '116', '74.00', NULL),
('23', '2016-09-07', '23', '14', '86.00', NULL),
('23', '2016-09-07', '23', '169', '40.00', NULL),
('23', '2016-09-07', '23', '187', '110.00', NULL),
('23', '2016-09-07', '23', '190', '50.00', NULL),
('23', '2016-09-07', '23', '202', '104.00', NULL),
('23', '2016-09-07', '23', '210', '80.00', NULL),
('23', '2016-09-07', '23', '241', '126.00', NULL),
('23', '2016-09-07', '23', '286', '36.00', NULL),
('23', '2016-09-07', '23', '5', '59.00', NULL),
('24', '2016-09-07', '41', '121', '129.00', NULL),
('24', '2016-09-07', '41', '227', '61.00', NULL),
('24', '2016-09-07', '41', '24', '59.00', NULL),
('24', '2016-09-07', '41', '276', '99.00', NULL),
('24', '2016-09-07', '41', '41', '83.00', NULL),
('24', '2016-09-07', '41', '47', '51.00', NULL),
('25', '2016-08-24', '42', '135', '132.00', NULL),
('25', '2016-08-24', '42', '2', '65.00', NULL),
('25', '2016-08-24', '42', '209', '80.00', NULL),
('25', '2016-08-24', '42', '235', '45.00', NULL),
('25', '2016-08-24', '42', '239', '119.00', NULL),
('25', '2016-08-24', '42', '28', '85.00', NULL),
('25', '2016-08-24', '42', '29', '65.00', NULL),
('25', '2016-08-24', '42', '43', '109.00', NULL),
('26', '2016-08-16', '46', '151', '36.00', NULL),
('26', '2016-08-16', '46', '164', '78.00', NULL),
('26', '2016-08-16', '46', '186', '92.00', NULL),
('26', '2016-08-16', '46', '200', '114.00', NULL),
('26', '2016-08-16', '46', '279', '71.00', NULL),
('27', '2016-08-16', '43', '111', '102.00', NULL),
('27', '2016-08-16', '43', '116', '67.00', NULL),
('27', '2016-08-16', '43', '118', '122.00', NULL),
('27', '2016-08-16', '43', '141', '77.00', NULL),
('27', '2016-08-16', '43', '150', '58.00', NULL),
('27', '2016-08-16', '43', '155', '51.00', NULL),
('27', '2016-08-16', '43', '263', '95.00', NULL),
('27', '2016-08-16', '43', '29', '133.00', NULL),
('27', '2016-08-16', '43', '68', '96.00', NULL),
('27', '2016-08-16', '43', '71', '38.00', NULL),
('27', '2016-08-16', '43', '92', '105.00', NULL),
('27', '2016-08-16', '43', '93', '132.00', NULL),
('28', '2017-08-15', '6', '121', '120.00', NULL),
('28', '2017-08-15', '6', '208', '139.00', NULL),
('28', '2017-08-15', '6', '210', '120.00', NULL),
('28', '2017-08-15', '6', '27', '99.00', NULL),
('28', '2017-08-15', '6', '31', '61.00', NULL),
('28', '2017-08-15', '6', '40', '105.00', NULL),
('28', '2017-08-15', '6', '41', '56.00', NULL),
('28', '2017-08-15', '6', '54', '131.00', NULL),
('29', '2017-08-14', '44', '10', '81.00', NULL),
('29', '2017-08-14', '44', '115', '52.00', NULL),
('29', '2017-08-14', '44', '141', '32.00', NULL),
('29', '2017-08-14', '44', '166', '103.00', NULL),
('29', '2017-08-14', '44', '233', '71.00', NULL),
('29', '2017-08-14', '44', '258', '137.00', NULL),
('29', '2017-08-14', '44', '268', '118.00', NULL),
('29', '2017-08-14', '44', '30', '75.00', NULL),
('29', '2017-08-14', '44', '7', '38.00', NULL),
('29', '2017-08-14', '44', '76', '62.00', NULL),
('29', '2017-08-14', '44', '82', '62.00', NULL),
('3', '2017-04-26', '5', '107', '112.00', NULL),
('3', '2017-04-26', '5', '125', '73.00', NULL),
('3', '2017-04-26', '5', '190', '127.00', NULL),
('3', '2017-04-26', '5', '24', '111.00', NULL),
('3', '2017-04-26', '5', '28', '63.00', NULL),
('3', '2017-04-26', '5', '36', '81.00', NULL),
('3', '2017-04-26', '5', '56', '65.00', NULL),
('3', '2017-04-26', '5', '64', '46.00', NULL),
('30', '2017-08-12', '45', '155', '64.00', NULL),
('30', '2017-08-12', '45', '200', '137.00', NULL),
('30', '2017-08-12', '45', '235', '70.00', NULL),
('30', '2017-08-12', '45', '237', '50.00', NULL),
('30', '2017-08-12', '45', '260', '37.00', NULL),
('30', '2017-08-12', '45', '4', '82.00', NULL),
('30', '2017-08-12', '45', '43', '68.00', NULL),
('31', '2017-08-12', '46', '101', '68.00', NULL),
('31', '2017-08-12', '46', '171', '103.00', NULL),
('31', '2017-08-12', '46', '176', '97.00', NULL),
('31', '2017-08-12', '46', '191', '147.00', NULL),
('31', '2017-08-12', '46', '226', '34.00', NULL),
('31', '2017-08-12', '46', '79', '56.00', NULL),
('32', '2017-03-09', '47', '102', '147.00', NULL),
('32', '2017-03-09', '47', '142', '130.00', NULL),
('32', '2017-03-09', '47', '251', '83.00', NULL),
('32', '2017-03-09', '47', '30', '105.00', NULL),
('32', '2017-03-09', '47', '73', '134.00', NULL),
('32', '2017-03-09', '47', '85', '148.00', NULL),
('33', '2017-03-07', '48', '13', '75.00', NULL),
('33', '2017-03-07', '48', '153', '33.00', NULL),
('33', '2017-03-07', '48', '18', '41.00', NULL),
('33', '2017-03-07', '48', '190', '70.00', NULL),
('33', '2017-03-07', '48', '217', '67.00', NULL),
('33', '2017-03-07', '48', '55', '93.00', NULL),
('33', '2017-03-07', '48', '62', '84.00', NULL),
('34', '2016-06-12', '49', '101', '62.00', NULL),
('34', '2016-06-12', '49', '131', '113.00', NULL),
('34', '2016-06-12', '49', '143', '106.00', NULL),
('34', '2016-06-12', '49', '185', '141.00', NULL),
('34', '2016-06-12', '49', '39', '100.00', NULL),
('34', '2016-06-12', '49', '68', '37.00', NULL),
('35', '2016-09-05', '50', '174', '133.00', NULL),
('35', '2016-09-05', '50', '186', '41.00', NULL),
('35', '2016-09-05', '50', '211', '87.00', NULL),
('35', '2016-09-05', '50', '41', '79.00', NULL),
('35', '2016-09-05', '50', '70', '134.00', NULL),
('36', '2017-09-05', '51', '10', '72.00', NULL),
('36', '2017-09-05', '51', '100', '102.00', NULL),
('36', '2017-09-05', '51', '101', '105.00', NULL),
('36', '2017-09-05', '51', '141', '144.00', NULL),
('36', '2017-09-05', '51', '152', '45.00', NULL),
('36', '2017-09-05', '51', '204', '45.00', NULL),
('36', '2017-09-05', '51', '205', '33.00', NULL),
('36', '2017-09-05', '51', '255', '143.00', NULL),
('37', '2017-02-19', '52', '147', '100.00', NULL),
('37', '2017-02-19', '52', '35', '150.00', NULL),
('37', '2017-02-19', '52', '67', '129.00', NULL),
('38', '2015-05-31', '53', '169', '52.00', NULL),
('38', '2015-05-31', '53', '209', '149.00', NULL),
('38', '2015-05-31', '53', '264', '89.00', NULL),
('38', '2015-05-31', '53', '278', '76.00', NULL),
('38', '2015-05-31', '53', '49', '139.00', NULL),
('38', '2015-05-31', '53', '61', '59.00', NULL),
('38', '2015-05-31', '53', '71', '90.00', NULL),
('39', '2016-10-22', '54', '109', '33.00', NULL),
('39', '2016-10-22', '54', '144', '125.00', NULL),
('39', '2016-10-22', '54', '153', '108.00', NULL),
('39', '2016-10-22', '54', '179', '102.00', NULL),
('39', '2016-10-22', '54', '185', '101.00', NULL),
('39', '2016-10-22', '54', '186', '116.00', NULL),
('39', '2016-10-22', '54', '20', '112.00', NULL),
('39', '2016-10-22', '54', '38', '144.00', NULL),
('39', '2016-10-22', '54', '53', '128.00', NULL),
('4', '2015-04-09', '8', '137', '75.00', NULL),
('4', '2015-04-09', '8', '159', '96.00', NULL),
('4', '2015-04-09', '8', '18', '116.00', NULL),
('4', '2015-04-09', '8', '20', '80.00', NULL),
('4', '2015-04-09', '8', '262', '79.00', NULL),
('4', '2015-04-09', '8', '280', '47.00', NULL),
('4', '2015-04-09', '8', '287', '60.00', NULL),
('4', '2015-04-09', '8', '7', '140.00', NULL),
('40', '2017-05-11', '55', '101', '131.00', NULL),
('40', '2017-05-11', '55', '141', '106.00', NULL),
('40', '2017-05-11', '55', '170', '31.00', NULL),
('40', '2017-05-11', '55', '184', '88.00', NULL),
('40', '2017-05-11', '55', '215', '36.00', NULL),
('40', '2017-05-11', '55', '230', '80.00', NULL),
('40', '2017-05-11', '55', '250', '131.00', NULL),
('40', '2017-05-11', '55', '258', '99.00', NULL),
('40', '2017-05-11', '55', '273', '82.00', NULL),
('40', '2017-05-11', '55', '31', '30.00', NULL),
('40', '2017-05-11', '55', '98', '149.00', NULL),
('41', '2017-05-11', '9', '179', '83.00', NULL),
('41', '2017-05-11', '9', '21', '31.00', NULL),
('41', '2017-05-11', '9', '219', '82.00', NULL),
('41', '2017-05-11', '9', '25', '101.00', NULL),
('41', '2017-05-11', '9', '258', '49.00', NULL),
('41', '2017-05-11', '9', '268', '80.00', NULL),
('41', '2017-05-11', '9', '287', '112.00', NULL),
('41', '2017-05-11', '9', '55', '61.00', NULL),
('41', '2017-05-11', '9', '69', '86.00', NULL),
('42', '2015-05-03', '56', '10', '147.00', NULL),
('42', '2015-05-03', '56', '139', '149.00', NULL),
('42', '2015-05-03', '56', '213', '103.00', NULL),
('42', '2015-05-03', '56', '249', '76.00', NULL),
('42', '2015-05-03', '56', '252', '85.00', NULL),
('42', '2015-05-03', '56', '34', '45.00', NULL),
('42', '2015-05-03', '56', '78', '47.00', NULL),
('43', '2015-05-02', '47', '1', '57.00', NULL),
('43', '2015-05-02', '47', '105', '86.00', NULL),
('43', '2015-05-02', '47', '110', '94.00', NULL),
('43', '2015-05-02', '47', '169', '73.00', NULL),
('43', '2015-05-02', '47', '235', '86.00', NULL),
('43', '2015-05-02', '47', '287', '66.00', NULL),
('43', '2015-05-02', '47', '67', '74.00', NULL),
('43', '2015-05-02', '47', '86', '114.00', NULL),
('44', '2017-02-20', '2', '158', '100.00', NULL),
('44', '2017-02-20', '2', '215', '148.00', NULL),
('44', '2017-02-20', '2', '220', '118.00', NULL),
('44', '2017-02-20', '2', '271', '37.00', NULL),
('45', '2017-02-20', '57', '66', '126.00', NULL),
('45', '2017-02-20', '57', '68', '88.00', NULL),
('45', '2017-02-20', '57', '74', '43.00', NULL),
('46', '2017-02-20', '58', '120', '51.00', NULL),
('46', '2017-02-20', '58', '123', '116.00', NULL),
('46', '2017-02-20', '58', '155', '114.00', NULL),
('46', '2017-02-20', '58', '181', '94.00', NULL),
('46', '2017-02-20', '58', '187', '86.00', NULL),
('46', '2017-02-20', '58', '2', '65.00', NULL),
('46', '2017-02-20', '58', '214', '91.00', NULL),
('46', '2017-02-20', '58', '264', '104.00', NULL),
('46', '2017-02-20', '58', '4', '112.00', NULL),
('46', '2017-02-20', '58', '60', '80.00', NULL),
('46', '2017-02-20', '58', '89', '119.00', NULL),
('47', '2016-10-10', '59', '149', '123.00', NULL),
('47', '2016-10-10', '59', '178', '73.00', NULL),
('47', '2016-10-10', '59', '33', '98.00', NULL),
('47', '2016-10-10', '59', '55', '107.00', NULL),
('47', '2016-10-10', '59', '65', '99.00', NULL),
('48', '2016-10-10', '60', '158', '98.00', NULL),
('48', '2016-10-10', '60', '165', '46.00', NULL),
('49', '2016-10-02', '61', '172', '104.00', NULL),
('5', '2017-04-09', '5', '149', '70.00', NULL),
('5', '2017-04-09', '5', '15', '45.00', NULL),
('5', '2017-04-09', '5', '216', '82.00', NULL),
('5', '2017-04-09', '5', '31', '77.00', NULL),
('50', '2016-10-02', '62', '215', '49.00', NULL),
('51', '2016-10-02', '63', '21', '34.00', NULL),
('51', '2016-10-02', '63', '7', '64.00', NULL),
('52', '2016-10-02', '64', '235', '123.00', NULL),
('53', '2016-09-29', '48', '100', '130.00', NULL),
('53', '2016-09-29', '48', '168', '89.00', NULL),
('53', '2016-09-29', '48', '177', '96.00', NULL),
('53', '2016-09-29', '48', '9', '106.00', NULL),
('54', '2016-09-29', '65', '208', '73.00', NULL),
('54', '2016-09-29', '65', '4', '136.00', NULL),
('54', '2016-09-29', '65', '68', '134.00', NULL),
('55', '2016-09-29', '66', '102', '127.00', NULL),
('55', '2016-09-29', '66', '260', '79.00', NULL),
('55', '2016-09-29', '66', '32', '70.00', NULL),
('56', '2016-09-29', '67', '84', '70.00', NULL),
('57', '2017-08-24', '68', '132', '77.00', NULL),
('57', '2017-08-24', '68', '164', '114.00', NULL),
('57', '2017-08-24', '68', '177', '110.00', NULL),
('57', '2017-08-24', '68', '224', '75.00', NULL),
('57', '2017-08-24', '68', '238', '122.00', NULL),
('58', '2016-08-24', '69', '108', '49.00', NULL),
('58', '2016-08-24', '69', '113', '73.00', NULL),
('58', '2016-08-24', '69', '120', '32.00', NULL),
('58', '2016-08-24', '69', '136', '134.00', NULL),
('58', '2016-08-24', '69', '152', '51.00', NULL),
('58', '2016-08-24', '69', '157', '65.00', NULL),
('58', '2016-08-24', '69', '163', '31.00', NULL),
('58', '2016-08-24', '69', '186', '70.00', NULL),
('58', '2016-08-24', '69', '213', '77.00', NULL),
('58', '2016-08-24', '69', '62', '143.00', NULL),
('58', '2016-08-24', '69', '64', '55.00', NULL),
('59', '2015-06-29', '70', '118', '105.00', NULL),
('59', '2015-06-29', '70', '152', '82.00', NULL),
('59', '2015-06-29', '70', '154', '126.00', NULL),
('59', '2015-06-29', '70', '166', '34.00', NULL),
('59', '2015-06-29', '70', '178', '101.00', NULL),
('59', '2015-06-29', '70', '203', '117.00', NULL),
('59', '2015-06-29', '70', '287', '96.00', NULL),
('59', '2015-06-29', '70', '47', '138.00', NULL),
('6', '2015-04-09', '6', '11', '74.00', NULL),
('6', '2015-04-09', '6', '138', '41.00', NULL),
('6', '2015-04-09', '6', '199', '67.00', NULL),
('6', '2015-04-09', '6', '258', '145.00', NULL),
('6', '2015-04-09', '6', '7', '119.00', NULL),
('6', '2015-04-09', '6', '89', '150.00', NULL),
('6', '2015-04-09', '6', '94', '90.00', NULL),
('60', '2017-06-30', '1', '13', '138.00', NULL),
('60', '2017-06-30', '1', '189', '146.00', NULL),
('60', '2017-06-30', '1', '205', '74.00', NULL),
('60', '2017-06-30', '1', '272', '144.00', NULL),
('60', '2017-06-30', '1', '278', '114.00', NULL),
('60', '2017-06-30', '1', '51', '79.00', NULL),
('60', '2017-06-30', '1', '92', '125.00', NULL),
('61', '2016-06-30', '2', '146', '59.00', NULL),
('61', '2016-06-30', '2', '15', '32.00', NULL),
('61', '2016-06-30', '2', '174', '114.00', NULL),
('61', '2016-06-30', '2', '34', '71.00', NULL),
('61', '2016-06-30', '2', '5', '50.00', NULL),
('61', '2016-06-30', '2', '52', '45.00', NULL),
('61', '2016-06-30', '2', '56', '75.00', NULL),
('62', '2015-06-30', '3', '188', '130.00', NULL),
('63', '2016-06-30', '4', '54', '47.00', NULL),
('63', '2016-06-30', '4', '70', '72.00', NULL),
('64', '2016-06-21', '5', '126', '52.00', NULL),
('64', '2016-06-21', '5', '199', '61.00', NULL),
('65', '2013-06-21', '6', '113', '83.00', NULL),
('65', '2013-06-21', '6', '116', '35.00', NULL),
('65', '2013-06-21', '6', '119', '141.00', NULL),
('65', '2013-06-21', '6', '248', '42.00', NULL),
('65', '2013-06-21', '6', '262', '118.00', NULL),
('65', '2013-06-21', '6', '280', '104.00', NULL),
('66', '2016-06-21', '7', '103', '88.00', NULL),
('66', '2016-06-21', '7', '174', '66.00', NULL),
('66', '2016-06-21', '7', '218', '40.00', NULL),
('66', '2016-06-21', '7', '279', '90.00', NULL),
('66', '2016-06-21', '7', '286', '35.00', NULL),
('66', '2016-06-21', '7', '49', '78.00', NULL),
('66', '2016-06-21', '7', '75', '122.00', NULL),
('66', '2016-06-21', '7', '77', '143.00', NULL),
('66', '2016-06-21', '7', '97', '130.00', NULL),
('67', '2016-06-14', '8', '108', '82.00', NULL),
('67', '2016-06-14', '8', '109', '117.00', NULL),
('67', '2016-06-14', '8', '144', '121.00', NULL),
('67', '2016-06-14', '8', '167', '94.00', NULL),
('67', '2016-06-14', '8', '239', '45.00', NULL),
('67', '2016-06-14', '8', '247', '39.00', NULL),
('67', '2016-06-14', '8', '287', '61.00', NULL),
('67', '2016-06-14', '8', '78', '124.00', NULL),
('67', '2016-06-14', '8', '80', '129.00', NULL),
('67', '2016-06-14', '8', '91', '138.00', NULL),
('68', '2016-06-13', '9', '108', '150.00', NULL),
('68', '2016-06-13', '9', '13', '141.00', NULL),
('68', '2016-06-13', '9', '163', '98.00', NULL),
('68', '2016-06-13', '9', '177', '84.00', NULL),
('68', '2016-06-13', '9', '183', '50.00', NULL),
('68', '2016-06-13', '9', '189', '139.00', NULL),
('68', '2016-06-13', '9', '204', '56.00', NULL),
('68', '2016-06-13', '9', '248', '42.00', NULL),
('69', '2017-03-17', '44', '169', '67.00', NULL),
('69', '2017-03-17', '44', '206', '57.00', NULL),
('69', '2017-03-17', '44', '253', '112.00', NULL),
('69', '2017-03-17', '44', '261', '55.00', NULL),
('69', '2017-03-17', '44', '278', '71.00', NULL),
('69', '2017-03-17', '44', '3', '46.00', NULL),
('69', '2017-03-17', '44', '71', '66.00', NULL),
('69', '2017-03-17', '44', '79', '49.00', NULL),
('69', '2017-03-17', '44', '82', '58.00', NULL),
('7', '2017-02-15', '7', '227', '74.00', NULL),
('7', '2017-02-15', '7', '230', '49.00', NULL),
('70', '2017-02-21', '45', '102', '84.00', NULL),
('70', '2017-02-21', '45', '124', '106.00', NULL),
('70', '2017-02-21', '45', '185', '146.00', NULL),
('70', '2017-02-21', '45', '32', '132.00', NULL),
('70', '2017-02-21', '45', '50', '68.00', NULL),
('70', '2017-02-21', '45', '82', '139.00', NULL),
('70', '2017-02-21', '45', '83', '52.00', NULL),
('71', '2017-02-21', '46', '19', '146.00', NULL),
('71', '2017-02-21', '46', '195', '75.00', NULL),
('71', '2017-02-21', '46', '241', '38.00', NULL),
('72', '2016-02-17', '47', '129', '101.00', NULL),
('72', '2016-02-17', '47', '211', '123.00', NULL),
('72', '2016-02-17', '47', '273', '145.00', NULL),
('73', '2016-02-17', '48', '192', '124.00', NULL),
('73', '2016-02-17', '48', '245', '120.00', NULL),
('73', '2016-02-17', '48', '31', '102.00', NULL),
('73', '2016-02-17', '48', '35', '130.00', NULL),
('73', '2016-02-17', '48', '45', '54.00', NULL),
('74', '2017-02-10', '49', '104', '97.00', NULL),
('74', '2017-02-10', '49', '106', '82.00', NULL),
('74', '2017-02-10', '49', '187', '137.00', NULL),
('74', '2017-02-10', '49', '242', '61.00', NULL),
('74', '2017-02-10', '49', '250', '86.00', NULL),
('74', '2017-02-10', '49', '27', '92.00', NULL),
('74', '2017-02-10', '49', '3', '101.00', NULL),
('75', '2017-02-10', '16', '106', '74.00', NULL),
('75', '2017-02-10', '16', '142', '115.00', NULL),
('75', '2017-02-10', '16', '187', '74.00', NULL),
('75', '2017-02-10', '16', '192', '37.00', NULL),
('75', '2017-02-10', '16', '20', '34.00', NULL),
('75', '2017-02-10', '16', '24', '82.00', NULL),
('75', '2017-02-10', '16', '33', '143.00', NULL),
('75', '2017-02-10', '16', '58', '73.00', NULL),
('75', '2017-02-10', '16', '6', '128.00', NULL),
('75', '2017-02-10', '16', '72', '86.00', NULL),
('75', '2017-02-10', '16', '95', '81.00', NULL),
('76', '2017-02-10', '17', '109', '92.00', NULL),
('76', '2017-02-10', '17', '155', '78.00', NULL),
('76', '2017-02-10', '17', '163', '134.00', NULL),
('76', '2017-02-10', '17', '167', '46.00', NULL),
('76', '2017-02-10', '17', '177', '98.00', NULL),
('76', '2017-02-10', '17', '196', '125.00', NULL),
('76', '2017-02-10', '17', '201', '91.00', NULL),
('76', '2017-02-10', '17', '272', '56.00', NULL),
('76', '2017-02-10', '17', '89', '133.00', NULL),
('76', '2017-02-10', '17', '95', '106.00', NULL),
('77', '2017-01-02', '1', '168', '136.00', NULL),
('77', '2017-01-02', '1', '2', '99.00', NULL),
('77', '2017-01-02', '1', '203', '65.00', NULL),
('77', '2017-01-02', '1', '218', '143.00', NULL),
('77', '2017-01-02', '1', '271', '148.00', NULL),
('78', '2015-12-14', '2', '125', '119.00', NULL),
('78', '2015-12-14', '2', '169', '50.00', NULL),
('78', '2015-12-14', '2', '181', '37.00', NULL),
('78', '2015-12-14', '2', '200', '87.00', NULL),
('78', '2015-12-14', '2', '206', '145.00', NULL),
('78', '2015-12-14', '2', '92', '147.00', NULL),
('79', '2016-12-14', '2', '204', '138.00', NULL),
('79', '2016-12-14', '2', '265', '53.00', NULL),
('79', '2016-12-14', '2', '285', '145.00', NULL),
('79', '2016-12-14', '2', '63', '146.00', NULL),
('8', '2017-02-14', '8', '100', '68.00', NULL),
('8', '2017-02-14', '8', '12', '70.00', NULL),
('8', '2017-02-14', '8', '127', '34.00', NULL),
('8', '2017-02-14', '8', '16', '135.00', NULL),
('8', '2017-02-14', '8', '25', '40.00', NULL),
('8', '2017-02-14', '8', '268', '148.00', NULL),
('8', '2017-02-14', '8', '284', '118.00', NULL),
('8', '2017-02-14', '8', '71', '87.00', NULL),
('8', '2017-02-14', '8', '87', '92.00', NULL),
('80', '2016-12-13', '3', '213', '63.00', NULL),
('81', '2016-12-13', '49', '128', '133.00', NULL),
('81', '2016-12-13', '49', '241', '134.00', NULL),
('81', '2016-12-13', '49', '49', '83.00', NULL),
('81', '2016-12-13', '49', '55', '144.00', NULL),
('81', '2016-12-13', '49', '65', '61.00', NULL),
('81', '2016-12-13', '49', '69', '104.00', NULL),
('81', '2016-12-13', '49', '79', '127.00', NULL),
('82', '2016-12-03', '44', '107', '71.00', NULL),
('82', '2016-12-03', '44', '157', '113.00', NULL),
('82', '2016-12-03', '44', '180', '56.00', NULL),
('82', '2016-12-03', '44', '213', '56.00', NULL),
('82', '2016-12-03', '44', '254', '121.00', NULL),
('82', '2016-12-03', '44', '284', '138.00', NULL),
('82', '2016-12-03', '44', '48', '59.00', NULL),
('82', '2016-12-03', '44', '70', '31.00', NULL),
('82', '2016-12-03', '44', '91', '42.00', NULL),
('83', '2016-12-02', '16', '101', '122.00', NULL),
('83', '2016-12-02', '16', '116', '76.00', NULL),
('83', '2016-12-02', '16', '174', '117.00', NULL),
('83', '2016-12-02', '16', '18', '49.00', NULL),
('83', '2016-12-02', '16', '196', '54.00', NULL),
('83', '2016-12-02', '16', '233', '86.00', NULL),
('83', '2016-12-02', '16', '261', '106.00', NULL),
('83', '2016-12-02', '16', '264', '35.00', NULL),
('84', '2015-12-01', '3', '106', '137.00', NULL),
('84', '2015-12-01', '3', '131', '34.00', NULL),
('84', '2015-12-01', '3', '199', '137.00', NULL),
('84', '2015-12-01', '3', '269', '147.00', NULL),
('84', '2015-12-01', '3', '87', '119.00', NULL),
('84', '2015-12-01', '3', '95', '36.00', NULL),
('85', '2016-12-01', '4', '155', '114.00', NULL),
('85', '2016-12-01', '4', '230', '35.00', NULL),
('86', '2016-11-30', '5', '121', '76.00', NULL),
('86', '2016-11-30', '5', '156', '47.00', NULL),
('86', '2016-11-30', '5', '202', '46.00', NULL),
('86', '2016-11-30', '5', '287', '45.00', NULL),
('87', '2016-12-01', '7', '121', '142.00', NULL),
('87', '2016-12-01', '7', '127', '59.00', NULL),
('87', '2016-12-01', '7', '130', '119.00', NULL),
('87', '2016-12-01', '7', '174', '84.00', NULL),
('87', '2016-12-01', '7', '233', '96.00', NULL),
('87', '2016-12-01', '7', '257', '110.00', NULL),
('87', '2016-12-01', '7', '265', '74.00', NULL),
('87', '2016-12-01', '7', '271', '58.00', NULL),
('87', '2016-12-01', '7', '47', '123.00', NULL),
('87', '2016-12-01', '7', '7', '66.00', NULL),
('87', '2016-12-01', '7', '76', '96.00', NULL),
('88', '2017-11-01', '6', '11', '106.00', NULL),
('88', '2017-11-01', '6', '278', '139.00', NULL),
('89', '2015-10-27', '7', '102', '84.00', NULL),
('89', '2015-10-27', '7', '122', '140.00', NULL),
('89', '2015-10-27', '7', '151', '127.00', NULL),
('89', '2015-10-27', '7', '224', '89.00', NULL),
('89', '2015-10-27', '7', '247', '45.00', NULL),
('89', '2015-10-27', '7', '253', '126.00', NULL),
('89', '2015-10-27', '7', '44', '55.00', NULL),
('89', '2015-10-27', '7', '76', '109.00', NULL),
('9', '2017-02-14', '9', '108', '139.00', NULL),
('9', '2017-02-14', '9', '124', '117.00', NULL),
('9', '2017-02-14', '9', '14', '48.00', NULL),
('9', '2017-02-14', '9', '145', '58.00', NULL),
('9', '2017-02-14', '9', '265', '90.00', NULL),
('9', '2017-02-14', '9', '288', '62.00', NULL),
('9', '2017-02-14', '9', '93', '132.00', NULL),
('9', '2017-02-14', '9', '99', '123.00', NULL),
('90', '2015-10-28', '8', '134', '106.00', NULL),
('90', '2015-10-28', '8', '185', '147.00', NULL),
('90', '2015-10-28', '8', '250', '125.00', NULL),
('90', '2015-10-28', '8', '64', '60.00', NULL),
('90', '2015-10-28', '8', '65', '84.00', NULL),
('90', '2015-10-28', '8', '73', '129.00', NULL),
('90', '2015-10-28', '8', '92', '49.00', NULL),
('90', '2015-10-28', '8', '93', '146.00', NULL),
('91', '2016-10-28', '9', '118', '113.00', NULL),
('91', '2016-10-28', '9', '122', '89.00', NULL),
('91', '2016-10-28', '9', '123', '37.00', NULL),
('91', '2016-10-28', '9', '194', '75.00', NULL),
('91', '2016-10-28', '9', '196', '102.00', NULL),
('91', '2016-10-28', '9', '220', '127.00', NULL),
('91', '2016-10-28', '9', '226', '77.00', NULL),
('91', '2016-10-28', '9', '266', '83.00', NULL),
('91', '2016-10-28', '9', '269', '104.00', NULL),
('91', '2016-10-28', '9', '272', '111.00', NULL),
('91', '2016-10-28', '9', '43', '44.00', NULL),
('92', '2015-10-28', '44', '108', '104.00', NULL),
('92', '2015-10-28', '44', '110', '111.00', NULL),
('92', '2015-10-28', '44', '114', '112.00', NULL),
('92', '2015-10-28', '44', '164', '91.00', NULL),
('92', '2015-10-28', '44', '208', '114.00', NULL),
('92', '2015-10-28', '44', '34', '126.00', NULL),
('92', '2015-10-28', '44', '65', '132.00', NULL),
('93', '2016-10-27', '17', '121', '141.00', NULL),
('93', '2016-10-27', '17', '169', '46.00', NULL),
('93', '2016-10-27', '17', '251', '30.00', NULL),
('93', '2016-10-27', '17', '257', '70.00', NULL),
('93', '2016-10-27', '17', '43', '113.00', NULL),
('94', '2017-10-27', '1', '12', '33.00', NULL),
('94', '2017-10-27', '1', '172', '37.00', NULL),
('94', '2017-10-27', '1', '181', '143.00', NULL),
('94', '2017-10-27', '1', '186', '146.00', NULL),
('94', '2017-10-27', '1', '218', '86.00', NULL),
('94', '2017-10-27', '1', '255', '38.00', NULL),
('94', '2017-10-27', '1', '258', '73.00', NULL),
('94', '2017-10-27', '1', '4', '111.00', NULL),
('94', '2017-10-27', '1', '80', '133.00', NULL),
('95', '2016-09-19', '45', '107', '76.00', NULL),
('95', '2016-09-19', '45', '143', '64.00', NULL),
('95', '2016-09-19', '45', '271', '69.00', NULL),
('95', '2016-09-19', '45', '52', '138.00', NULL),
('95', '2016-09-19', '45', '71', '135.00', NULL),
('95', '2016-09-19', '45', '86', '123.00', NULL),
('96', '2016-09-14', '46', '260', '34.00', NULL),
('97', '2016-07-12', '47', '110', '39.00', NULL),
('97', '2016-07-12', '47', '207', '82.00', NULL),
('97', '2016-07-12', '47', '219', '132.00', NULL),
('97', '2016-07-12', '47', '270', '61.00', NULL),
('97', '2016-07-12', '47', '33', '67.00', NULL),
('97', '2016-07-12', '47', '99', '48.00', NULL),
('98', '2017-03-18', '48', '48', '44.00', NULL),
('98', '2017-03-18', '48', '66', '104.00', NULL),
('99', '2017-01-07', '49', '1', '43.00', NULL),
('99', '2017-01-07', '49', '102', '101.00', NULL),
('99', '2017-01-07', '49', '118', '37.00', NULL),
('99', '2017-01-07', '49', '17', '144.00', NULL),
('99', '2017-01-07', '49', '200', '58.00', NULL),
('99', '2017-01-07', '49', '201', '31.00', NULL),
('99', '2017-01-07', '49', '36', '71.00', NULL),
('99', '2017-01-07', '49', '84', '98.00', NULL),
('99', '2017-01-07', '49', '95', '66.00', NULL);

-- --------------------------------------------------------

--
-- Table structure for table `Post_code`
--

CREATE TABLE `Post_code` (
  `Post_code` varchar(5) COLLATE utf8mb4_thai_520_w2 NOT NULL,
  `Province` varchar(25) COLLATE utf8mb4_thai_520_w2 NOT NULL
) ENGINE=InnoDB DEFAULT CHARSET=utf8mb4 COLLATE=utf8mb4_thai_520_w2;

--
-- Dumping data for table `Post_code`
--

INSERT INTO `Post_code` (`Post_code`, `Province`) VALUES
('10520', 'Bangkok'),
('10540', 'Samut Prakan'),
('20000', 'Chonburi'),
('31000', 'Buriram'),
('40000', 'Khon Kaen'),
('50000', 'Chiang Mai'),
('52000', 'Lampang'),
('57000', 'Chiang Rai'),
('60000', 'Nakhon Sawan'),
('81000', 'Krabi');

-- --------------------------------------------------------

--
-- Table structure for table `Product`
--

CREATE TABLE `Product` (
  `Product_ID` varchar(8) COLLATE utf8mb4_thai_520_w2 NOT NULL,
  `Product_name` varchar(50) COLLATE utf8mb4_thai_520_w2 NOT NULL,
  `Description` varchar(100) COLLATE utf8mb4_thai_520_w2 NOT NULL,
  `Price` decimal(8,2) NOT NULL
) ENGINE=InnoDB DEFAULT CHARSET=utf8mb4 COLLATE=utf8mb4_thai_520_w2;

--
-- Dumping data for table `Product`
--

INSERT INTO `Product` (`Product_ID`, `Product_name`, `Description`, `Price`) VALUES
('1', 'G.Skill Ripjaws V Series', 'Speed:DDR4-3000,Type:288-pin DIMM,CAS:15Module:8x8GBSize:64GB', '450.36'),
('10', 'Crucial', 'Speed:DDR4-2133,Type:288-pin DIMM,CAS:15Module:2x16GBSize:32GB', '580.33'),
('100', 'Crucial CT275MX300SSD1', 'Series:MX300,Type:SSD,Capacity:275GB,Cache:N/A', '79.21'),
('101', 'Kingston HyperX Predator', 'Speed:DDR4-3000,Type:288-pin DIMM,CAS:15Module:4x16GBSize:64GB', '471.78'),
('102', 'Intel Xeon E5-2687W V4', 'Speed:3.0GHz,Cores:12,TDP:160W', '1723.83'),
('103', 'EVGA 11G-P4-6598-KR', 'Chipset:GeForce GTX 1080 Ti,Memory:11GBCore Clock:1.56GHz', '663.54'),
('104', 'SanDisk SDSSDA-240G-G26', 'Series:SSD PLUS,Type:SSD,Capacity:240GB,Cache:N/A', '61.10'),
('105', 'EVGA 12G-P4-3992-KR', 'Chipset:GeForce GTX Titan Z,Memory:12GBCore Clock:732MHz', '2313.07'),
('106', 'Intel Xeon E5-2640 V2', 'Speed:2.0GHz,Cores:8,TDP:95W', '545.19'),
('107', 'Kingston', 'Speed:DDR3-1600,Type:240-pin DIMM,CAS:11Module:4x16GBSize:64GB', '474.18'),
('108', 'MSI GAMING', 'Chipset:GeForce GTX 780 Ti,Memory:3GBCore Clock:1.02GHz', '753.18'),
('109', 'G.Skill Trident Z', 'Speed:DDR4-3200,Type:288-pin DIMM,CAS:14Module:4x16GBSize:64GB', '585.26'),
('11', 'PNY VCQP5000-PB', 'Chipset:Quadro P5000,Memory:16GBCore Clock:1.61GHz', '1602.21'),
('110', 'ATI FirePro W9000', 'Chipset:FirePro W9000,Memory:6GBCore Clock:975MHz', '2785.55'),
('111', 'Intel Core i7-6900K (OEM/Tray)', 'Speed:3.2GHz,Cores:8,TDP:140W', '620.28'),
('112', 'Corsair Vengeance Pro', 'Speed:DDR3-2133,Type:240-pin DIMM,CAS:11Module:8x8GBSize:64GB', '596.25'),
('113', 'G.Skill Trident Z', 'Speed:DDR4-3200,Type:288-pin DIMM,CAS:15Module:4x16GBSize:64GB', '580.21'),
('114', 'Zotac ZT-70203-10P', 'Chipset:GeForce GTX 780,Memory:3GBCore Clock:1.01GHz', '580.42'),
('115', 'Corsair Vengeance LPX', 'Speed:DDR4-3200,Type:288-pin DIMM,CAS:15Module:8x8GBSize:64GB', '565.73'),
('116', 'G.Skill Trident Z', 'Speed:DDR4-3400,Type:288-pin DIMM,CAS:16Module:4x16GBSize:64GB', '565.39'),
('117', 'G.Skill Ripjaws V Series', 'Speed:DDR4-3200,Type:288-pin DIMM,CAS:14Module:4x16GBSize:64GB', '617.62'),
('118', 'Corsair Dominator Platinum', 'Speed:DDR4-2800,Type:288-pin DIMM,CAS:15Module:8x8GBSize:64GB', '578.46'),
('119', 'Intel Xeon E5-2640 V3', 'Speed:2.6GHz,Cores:8,TDP:90W', '668.24'),
('12', 'Gigabyte GV-N108TAORUSX W-11GD', 'Chipset:GeForce GTX 1080 Ti,Memory:11GBCore Clock:1.63GHz', '596.05'),
('120', 'Intel Core 2 Extreme QX9775', 'Speed:3.2GHz,Cores:4,TDP:150W', '737.68'),
('121', 'G.Skill Ripjaws V Series', 'Speed:DDR4-3200,Type:288-pin DIMM,CAS:14Module:8x8GBSize:64GB', '603.22'),
('122', 'G.Skill Trident Z', 'Speed:DDR4-3333,Type:288-pin DIMM,CAS:16Module:4x16GBSize:64GB', '532.27'),
('123', 'ATI FirePro S9150', 'Chipset:FirePro S9150,Memory:16GBCore Clock:900MHz', '2628.06'),
('124', 'Intel Xeon E5-1650 V4 (OEM/Tray)', 'Speed:3.6GHz,Cores:6,TDP:140W', '453.14'),
('125', 'G.Skill Trident Z', 'Speed:DDR4-3600,Type:288-pin DIMM,CAS:17Module:4x16GBSize:64GB', '594.04'),
('126', 'G.Skill Ripjaws V Series', 'Speed:DDR4-3200,Type:288-pin DIMM,CAS:16Module:8x8GBSize:64GB', '510.93'),
('127', 'Corsair Dominator Platinum', 'Speed:DDR4-3333,Type:288-pin DIMM,CAS:15Module:4x16GBSize:64GB', '538.55'),
('128', 'Kingston', 'Speed:DDR4-2133,Type:288-pin DIMM,CAS:15Module:4x16GBSize:64GB', '650.48'),
('129', 'Corsair Vengeance LPX', 'Speed:DDR4-3333,Type:288-pin DIMM,CAS:15Module:4x16GBSize:64GB', '609.53'),
('13', 'G.Skill Ripjaws V Series', 'Speed:DDR4-3333,Type:288-pin DIMM,CAS:16Module:4x16GBSize:64GB', '618.63'),
('130', 'Western Digital WD2003FZEX', 'Series:BLACK SERIES,Type:7200RPM,Capacity:2TB,Cache:64MB', '91.76'),
('131', 'Samsung MZ-V6P512BW', 'Series:960 PRO,Type:SSD,Capacity:512GB,Cache:512MB', '223.99'),
('132', 'Intel Core i7-5930K', 'Speed:3.5GHz,Cores:6,TDP:140W', '481.56'),
('133', 'PNY VCQP6000-PB', 'Chipset:Quadro P6000,Memory:24GBCore Clock:1.42GHz', '4058.99'),
('134', 'Asus Sabertooth 990FX', 'CPU:AM3+,Form Factor:ATX,RAM Slots:4,Max RAM:32GB', '252.31'),
('135', 'Samsung MZ-V6E250', 'Series:960 EVO,Type:SSD,Capacity:250GB,Cache:512MB', '92.98'),
('136', 'AMD Opteron 6378', 'Speed:2.4GHz,Cores:16,TDP:115W', '651.92'),
('137', 'Asus Z10PE-D16 WS', 'CPU:LGA2011-3 x 2,Form Factor:SSI EEB,RAM Slots:16,Max RAM:1TB', '332.52'),
('138', 'G.Skill Ripjaws V Series', 'Speed:DDR4-3000,Type:288-pin DIMM,CAS:14Module:4x16GBSize:64GB', '499.09'),
('139', 'Hitachi HUS724030ALE641', 'Series:Ultrastar 7K4000,Type:7200RPM,Capacity:3TB,Cache:64MB', '54.03'),
('14', 'G.Skill Ripjaws V Series', 'Speed:DDR4-3333,Type:288-pin DIMM,CAS:16Module:4x16GBSize:64GB', '633.65'),
('140', 'MSI X99A WORKSTATION', 'CPU:LGA2011-3,Form Factor:ATX,RAM Slots:8,Max RAM:128GB', '239.95'),
('141', 'Supermicro X11SSL-CF', 'CPU:LGA1151,Form Factor:Micro ATX,RAM Slots:4,Max RAM:64GB', '317.81'),
('142', 'AMD FirePro W9100', 'Chipset:FirePro W9100,Memory:16GBCore Clock:930MHz', '2483.38'),
('143', 'Asus Z10PE-D16', 'CPU:LGA2011-3 Narrow x 2,Form Factor:SSI EEB,RAM Slots:16,Max RAM:1TB', '293.30'),
('144', 'Intel DG43RK', 'CPU:LGA775,Form Factor:Micro ATX,RAM Slots:4,Max RAM:8GB', '219.69'),
('145', 'Asus VANGUARD B85', 'CPU:LGA1150,Form Factor:Micro ATX,RAM Slots:4,Max RAM:32GB', '258.10'),
('146', 'EVGA Z270 Classified K', 'CPU:LGA1151,Form Factor:EATX,RAM Slots:4,Max RAM:64GB', '234.26'),
('147', 'EVGA Classified', 'CPU:LGA2011-3,Form Factor:EATX,RAM Slots:8,Max RAM:128GB', '240.62'),
('148', 'MSI Z270 XPOWER GAMING TITANIUM', 'CPU:LGA1151,Form Factor:ATX,RAM Slots:4,Max RAM:64GB', '212.69'),
('149', 'ASRock X299 Taichi', 'CPU:LGA2066,Form Factor:ATX,RAM Slots:8,Max RAM:128GB', '214.36'),
('15', 'G.Skill Trident Z', 'Speed:DDR4-3466,Type:288-pin DIMM,CAS:16Module:4x16GBSize:64GB', '601.56'),
('150', 'MSI X299 TOMAHAWK ARCTIC', 'CPU:LGA2066,Form Factor:ATX,RAM Slots:8,Max RAM:128GB', '223.92'),
('151', 'Supermicro X10SAT-O', 'CPU:LGA1150,Form Factor:ATX,RAM Slots:4,Max RAM:32GB', '207.08'),
('152', 'Gigabyte X299 AORUS Gaming 3', 'CPU:LGA2066,Form Factor:ATX,RAM Slots:8,Max RAM:128GB', '227.48'),
('153', 'Intel Xeon E5-2650 V2', 'Speed:2.6GHz,Cores:8,TDP:95W', '961.11'),
('154', 'Intel Xeon E5-2650 V3', 'Speed:2.3GHz,Cores:10,TDP:105W', '906.63'),
('155', 'Intel Xeon E5-2630 V2', 'Speed:2.6GHz,Cores:6,TDP:80W', '493.48'),
('156', 'Supermicro MBD-X10DRI-O', 'CPU:LGA2011-3 Narrow x 2,Form Factor:EATX,RAM Slots:16,Max RAM:1TB', '291.34'),
('157', 'Asus MAXIMUS IX FORMULA', 'CPU:LGA1151,Form Factor:ATX,RAM Slots:4,Max RAM:64GB', '339.12'),
('158', 'Intel Xeon E5-2667 V3 (OEM/Tray)', 'Speed:3.2GHz,Cores:8,TDP:135W', '1504.08'),
('159', 'Intel Xeon E5-2690 V4', 'Speed:2.6GHz,Cores:14,TDP:135W', '1499.26'),
('16', 'Intel Core i7-6900K', 'Speed:3.2GHz,Cores:8,TDP:140W', '792.89'),
('160', 'Intel Xeon E5-2690 V3', 'Speed:2.6GHz,Cores:12,TDP:135W', '1540.35'),
('161', 'AMD 100-5056062', 'Chipset:Vega Frontier Edition Liquid,Memory:16GBCore Clock:1.5GHz', '1343.84'),
('162', 'Intel Xeon E5-2470V2', 'Speed:2.4GHz,Cores:10,TDP:95W', '1671.95'),
('163', 'Intel Xeon E5-2683 V4', 'Speed:2.1GHz,Cores:16,TDP:120W', '1706.95'),
('164', 'Intel Xeon E5-2637 V2 (OEM/Tray)', 'Speed:3.5GHz,Cores:4,TDP:130W', '1323.12'),
('165', 'Intel Xeon E5-2680', 'Speed:2.7GHz,Cores:8,TDP:130W', '1479.95'),
('166', 'Intel Xeon E5-2680 V3 (OEM/Tray)', 'Speed:2.5GHz,Cores:12,TDP:120W', '1166.89'),
('167', 'Intel Xeon E5-2650L V3 (OEM/Tray)', 'Speed:1.8GHz,Cores:12,TDP:65W', '779.17'),
('168', 'Seagate ST31000340NS - FFP', 'Series:Barracuda ES,Type:7200RPM,Capacity:1TB,Cache:32MB', '34.40'),
('169', 'Intel Xeon E5-2683 V4 (OEM/Tray)', 'Speed:2.1GHz,Cores:16,TDP:120W', '1369.83'),
('17', 'Corsair Vengeance LPX', 'Speed:DDR4-3333,Type:288-pin DIMM,CAS:15Module:4x16GBSize:64GB', '595.42'),
('170', 'Asus X99-DELUXE II', 'CPU:LGA2011-3,Form Factor:ATX,RAM Slots:8,Max RAM:128GB', '289.33'),
('171', 'ASRock Fatal1ty X299 Professional Gaming i9', 'CPU:LGA2066,Form Factor:ATX,RAM Slots:8,Max RAM:128GB', '287.50'),
('172', 'ASRock EP2C612 WS', 'CPU:LGA2011-3 x 2,Form Factor:SSI EEB,RAM Slots:8,Max RAM:', '308.84'),
('173', 'ASRock Z270 SuperCarrier', 'CPU:LGA1151,Form Factor:ATX,RAM Slots:4,Max RAM:64GB', '264.35'),
('174', 'MSI GTX 1080 TI AERO 11G OC', 'Chipset:GeForce GTX 1080 Ti,Memory:11GBCore Clock:1.51GHz', '715.72'),
('175', 'NVIDIA VCQM4000-PB', 'Chipset:Quadro M4000,Memory:8GBCore Clock:N/A', '682.09'),
('176', 'Intel Xeon E5-2650 V3 (OEM/Tray)', 'Speed:2.3GHz,Cores:10,TDP:105W', '799.98'),
('177', 'PNY VCQM5000-PB', 'Chipset:Quadro M5000,Memory:8GBCore Clock:861MHz', '1268.42'),
('178', 'HP C2J95AT', 'Chipset:Quadro K5000,Memory:4GBCore Clock:706MHz', '1715.91'),
('179', 'Asus SABERTOOTH X99', 'CPU:LGA2011-3,Form Factor:ATX,RAM Slots:8,Max RAM:64GB', '252.57'),
('18', 'Crucial', 'Speed:DDR4-2400,Type:288-pin DIMM,CAS:17Module:1x64GBSize:64GB', '604.04'),
('180', 'Supermicro MBD-X10DAL-I-O', 'CPU:LGA2011-3 x 2,Form Factor:ATX,RAM Slots:8,Max RAM:512GB', '239.28'),
('181', 'ATI FirePro R5000', 'Chipset:FirePro R5000,Memory:2GBCore Clock:825MHz', '760.59'),
('182', 'PNY VCQK4200-PB', 'Chipset:Quadro K4200,Memory:4GBCore Clock:771MHz', '799.05'),
('183', 'Asus GTX780TI-3GD5', 'Chipset:GeForce GTX 780 Ti,Memory:3GBCore Clock:876MHz', '781.91'),
('184', 'AMD 100-506061', 'Chipset:Vega Frontier Edition,Memory:16GBCore Clock:1.44GHz', '706.99'),
('185', 'MSI GTX 1080 TI LIGHTNING Z', 'Chipset:GeForce GTX 1080 Ti,Memory:11GBCore Clock:1.61GHz', '688.35'),
('186', 'PNY VCQK5200-PB', 'Chipset:Quadro K5200,Memory:8GBCore Clock:667MHz', '1129.39'),
('187', 'Asus MAXIMUS VIII EXTREME/ASSEMBLY', 'CPU:LGA1151,Form Factor:EATX,RAM Slots:4,Max RAM:64GB', '253.41'),
('188', 'Asus X99-E WS/USB 3.1', 'CPU:LGA2011-3,Form Factor:SSI CEB,RAM Slots:8,Max RAM:128GB', '428.89'),
('189', 'Asus X99-E-10G WS', 'CPU:LGA2011-3,Form Factor:SSI CEB,RAM Slots:8,Max RAM:128GB', '582.02'),
('19', 'Intel Core i7-6950X (OEM/Tray)', 'Speed:3.0GHz,Cores:10,TDP:140W', '1479.56'),
('190', 'Supermicro X10SDV-8C-TLN4F', 'CPU:Xeon D-1541,Form Factor:Mini ITX,RAM Slots:4,Max RAM:64GB', '664.29'),
('191', 'Asus ROG MAXIMUS IX EXTREME', 'CPU:LGA1151,Form Factor:EATX,RAM Slots:4,Max RAM:64GB', '480.89'),
('192', 'Asus Rampage V Edition 10', 'CPU:LGA2011-3,Form Factor:EATX,RAM Slots:8,Max RAM:128GB', '452.50'),
('193', 'Asus Z10PE-D8 WS', 'CPU:LGA2011-3 x 2,Form Factor:SSI EEB,RAM Slots:8,Max RAM:512GB', '504.14'),
('194', 'MSI X299 GAMING M7 ACK', 'CPU:LGA2066,Form Factor:ATX,RAM Slots:8,Max RAM:128GB', '278.71'),
('195', 'G.Skill Ripjaws 4 Series', 'Speed:DDR4-2400,Type:288-pin DIMM,CAS:14Module:8x16GBSize:128GB', '836.03'),
('196', 'Corsair Vengeance LPX', 'Speed:DDR4-2133,Type:288-pin DIMM,CAS:15Module:8x16GBSize:128GB', '821.91'),
('197', 'G.Skill Trident Z RGB', 'Speed:DDR4-3600,Type:288-pin DIMM,CAS:17Module:4x16GBSize:64GB', '622.47'),
('198', 'Intel Core i7-980', 'Speed:3.33GHz,Cores:6,TDP:130W', '563.70'),
('199', 'Intel Xeon E5-2630 V4', 'Speed:2.2GHz,Cores:10,TDP:85W', '528.95'),
('2', 'Intel Xeon E5-2697 V4', 'Speed:2.3GHz,Cores:18,TDP:145W', '2144.40'),
('20', 'Corsair Dominator Platinum', 'Speed:DDR4-3200,Type:288-pin DIMM,CAS:15Module:4x16GBSize:64GB', '616.53'),
('200', 'Intel Core i7-4790K', 'Speed:4.0GHz,Cores:4,TDP:88W', '461.92'),
('201', 'Kingston', 'Speed:DDR3-1600,Type:240-pin DIMM,CAS:11Module:4x8GBSize:32GB', '566.98'),
('202', 'G.Skill Trident Z', 'Speed:DDR4-3200,Type:288-pin DIMM,CAS:14Module:4x16GBSize:64GB', '533.21'),
('203', 'Kingston', 'Speed:DDR3-1333,Type:240-pin DIMM,CAS:9Module:4x16GBSize:64GB', '556.84'),
('204', 'G.Skill Ripjaws V Series', 'Speed:DDR4-3200,Type:288-pin DIMM,CAS:15Module:4x16GBSize:64GB', '546.64'),
('205', 'G.Skill Trident X', 'Speed:DDR3-3100,Type:240-pin DIMM,CAS:12Module:2x4GBSize:8GB', '507.32'),
('206', 'PNY VCQM6000-24GB-PB', 'Chipset:Quadro M6000,Memory:24GBCore Clock:988MHz', '3619.14'),
('207', 'PNY VCQM6000-PB', 'Chipset:Quadro M6000,Memory:12GBCore Clock:988MHz', '2505.04'),
('208', 'Samsung MZ-V6P2T0BW', 'Series:960 Pro,Type:SSD,Capacity:2TB,Cache:2GB', '840.11'),
('209', 'Intel Core i7-990X Extreme Edition', 'Speed:3.47GHz,Cores:6,TDP:130W', '1072.79'),
('21', 'Corsair Dominator Platinum', 'Speed:DDR4-3466,Type:288-pin DIMM,CAS:16Module:4x16GBSize:64GB', '609.89'),
('210', 'Intel Core i9-7900X', 'Speed:3.3GHz,Cores:10,TDP:140W', '855.82'),
('211', 'Intel Xeon E5-2650', 'Speed:2.0GHz,Cores:8,TDP:95W', '869.03'),
('212', 'Intel Xeon E5-2680 V4', 'Speed:2.4GHz,Cores:14,TDP:120W', '1365.13'),
('213', 'Intel Xeon E5-2643 V3 (OEM/Tray)', 'Speed:3.4GHz,Cores:6,TDP:135W', '1266.37'),
('214', 'Intel Core i7-5960X', 'Speed:3.0GHz,Cores:8,TDP:140W', '865.59'),
('215', 'PNY VCQP4000-PB', 'Chipset:Quadro P4000,Memory:8GBCore Clock:1.23GHz', '724.00'),
('216', 'MSI GTX 1080 TI LIGHTNING X', 'Chipset:GeForce GTX 1080 Ti,Memory:11GBCore Clock:1.57GHz', '742.94'),
('217', 'ASRock C2750D4I', 'CPU:Atom C2750,Form Factor:Mini ITX,RAM Slots:4,Max RAM:64GB', '339.55'),
('218', 'Intel Xeon E5-2660 V4', 'Speed:2.0GHz,Cores:14,TDP:105W', '1194.03'),
('219', 'Intel Xeon E5-2660 V3', 'Speed:2.6GHz,Cores:10,TDP:105W', '1041.99'),
('22', 'Seagate ST3000DM008', 'Series:Barracuda,Type:7200RPM,Capacity:3TB,Cache:64MB', '61.63'),
('220', 'MSI GeForce GTX 1080 Ti GAMING X 11G', 'Chipset:GeForce GTX 1080 Ti,Memory:11GBCore Clock:1.57GHz', '666.59'),
('221', 'Zotac ZT-P10810C-10P', 'Chipset:GeForce GTX 1080 Ti,Memory:11GBCore Clock:1.65GHz', '535.03'),
('222', 'Zotac ZT-P10810G-10P', 'Chipset:GeForce GTX 1080 Ti,Memory:11GBCore Clock:1.51GHz', '598.25'),
('223', 'MSI GeForce GTX 1080 TI ARMOR 11G OC', 'Chipset:GeForce GTX 1080 Ti,Memory:11GBCore Clock:1.48GHz', '644.19'),
('224', 'Asus STRIX X299-E GAMING', 'CPU:LGA2066,Form Factor:ATX,RAM Slots:8,Max RAM:128GB', '306.00'),
('225', 'Gigabyte GA-Z270X-Gaming 9', 'CPU:LGA1151,Form Factor:EATX,RAM Slots:4,Max RAM:64GB', '380.05'),
('226', 'Asus PRIME X299-A', 'CPU:LGA2066,Form Factor:ATX,RAM Slots:8,Max RAM:128GB', '274.56'),
('227', 'Gigabyte GA-X99-UD5 WIFI', 'CPU:LGA2011-3,Form Factor:EATX,RAM Slots:8,Max RAM:64GB', '217.83'),
('228', 'Intel Xeon E5-2699 V3 (OEM/Tray)', 'Speed:2.3GHz,Cores:18,TDP:145W', '2867.51'),
('229', 'Seagate ST10000DM0004', 'Series:BarraCuda Pro,Type:7200RPM,Capacity:10TB,Cache:256MB', '284.23'),
('23', 'Western Digital WDS250G1B0A', 'Series:Blue,Type:SSD,Capacity:250GB,Cache:N/A', '72.54'),
('230', 'ADATA ASU800SS-512GT-C', 'Series:Ultimate SU800,Type:SSD,Capacity:512GB,Cache:N/A', '113.29'),
('231', 'Samsung MZ-V6E1T0', 'Series:960 EVO,Type:SSD,Capacity:1TB,Cache:1000MB', '358.06'),
('232', 'Western Digital WD1003FZEX', 'Series:BLACK SERIES,Type:7200RPM,Capacity:1TB,Cache:64MB', '61.76'),
('233', 'SanDisk SDSSDA-120G-G26', 'Series:SSD PLUS,Type:SSD,Capacity:120GB,Cache:N/A', '52.70'),
('234', 'Crucial CT525MX300SSD1', 'Series:MX300,Type:SSD,Capacity:525GB,Cache:N/A', '135.59'),
('235', 'Hitachi A7K1000-1000', 'Series:Ultrastar,Type:7200RPM,Capacity:1TB,Cache:32MB', '29.94'),
('236', 'MSI GTX 980 Ti Gaming 6G', 'Chipset:GeForce GTX 980 Ti,Memory:6GBCore Clock:1.18GHz', '539.98'),
('237', 'Gigabyte GV-N108TAORUS-11GD', 'Chipset:GeForce GTX 1080 Ti,Memory:11GBCore Clock:1.59GHz', '605.30'),
('238', 'EVGA 06G-P4-4998-KR', 'Chipset:GeForce GTX 980 Ti,Memory:6GBCore Clock:1.19GHz', '521.03'),
('239', 'MSI GTX 1080 Ti DUKE 11G OC', 'Chipset:GeForce GTX 1080 Ti,Memory:11GBCore Clock:1.53GHz', '555.07'),
('24', 'Seagate ST2000DM006', 'Series:Barracuda,Type:7200RPM,Capacity:2TB,Cache:64MB', '47.93'),
('240', 'Intel Core i7-4960X Extreme Edition', 'Speed:3.6GHz,Cores:6,TDP:130W', '1496.43'),
('241', 'Intel Xeon E5-2699 V4 (OEM/Tray)', 'Speed:2.2GHz,Cores:22,TDP:145W', '1535.62'),
('242', 'Intel Xeon E5-1680 V3 (OEM/Tray)', 'Speed:3.2GHz,Cores:8,TDP:140W', '1519.85'),
('243', 'Intel Xeon E5-2643 V4 (OEM/Tray)', 'Speed:3.4GHz,Cores:6,TDP:135W', '1225.59'),
('244', 'Crucial', 'Speed:DDR4-2133,Type:288-pin DIMM,CAS:15Module:4x16GBSize:64GB', '1139.23'),
('245', 'ATI FirePro S9050', 'Chipset:FirePro S9050,Memory:12GBCore Clock:900MHz', '1237.04'),
('246', 'Gigabyte X299 AORUS Ultra Gaming', 'CPU:LGA2066,Form Factor:ATX,RAM Slots:8,Max RAM:128GB', '287.78'),
('247', 'Asus TUF X299 MARK 1', 'CPU:LGA2066,Form Factor:ATX,RAM Slots:8,Max RAM:128GB', '241.15'),
('248', 'Intel Xeon E5-2697 V3', 'Speed:2.6GHz,Cores:14,TDP:145W', '2326.27'),
('249', 'Intel Xeon E5-2698 V3 (OEM/Tray)', 'Speed:2.3GHz,Cores:16,TDP:135W', '2035.18'),
('25', 'Samsung MZ-75E250B/AM', 'Series:850 EVO-Series,Type:SSD,Capacity:250GB,Cache:N/A', '87.98'),
('250', 'Asus Z170-WS', 'CPU:LGA1151,Form Factor:ATX,RAM Slots:4,Max RAM:64GB', '279.40'),
('251', 'MSI X299 GAMING PRO CARBON AC', 'CPU:LGA2066,Form Factor:ATX,RAM Slots:8,Max RAM:128GB', '238.80'),
('252', 'Gigabyte X299 AORUS Gaming 9', 'CPU:LGA2066,Form Factor:ATX,RAM Slots:8,Max RAM:128GB', '395.24'),
('253', 'Samsung MZ-V6P1T0BW', 'Series:960 Pro,Type:SSD,Capacity:1TB,Cache:1GB', '466.49'),
('254', 'Samsung MZ-7KE256BW', 'Series:850 Pro Series,Type:SSD,Capacity:256GB,Cache:N/A', '97.19'),
('255', 'Seagate ST2000DX002', 'Series:FireCuda,Type:Hybrid,Capacity:2TB,Cache:64MB', '64.48'),
('256', 'Western Digital WD5000AACS', 'Series:Caviar Green,Type:5400RPM,Capacity:500GB,Cache:16MB', '20.14'),
('257', 'SanDisk SDSSDHII-240G-G25', 'Series:Ultra II,Type:SSD,Capacity:240GB,Cache:N/A', '73.39'),
('258', 'PNY SSD7CS1311-120-RB', 'Series:CS1311,Type:SSD,Capacity:120GB,Cache:N/A', '50.59'),
('259', 'PNY SSD9SC240GMDA-RB', 'Series:XLR8,Type:SSD,Capacity:240GB,Cache:N/A', '58.40'),
('26', 'Samsung MZ-75E500B/AM', 'Series:850 EVO-Series,Type:SSD,Capacity:500GB,Cache:N/A', '157.81'),
('260', 'Crucial CT1050MX300SSD1', 'Series:MX300,Type:SSD,Capacity:1.1TB,Cache:N/A', '192.52'),
('261', 'G.Skill TridentZ RGB', 'Speed:DDR4-3200,Type:288-pin DIMM,CAS:14Module:8x16GBSize:128GB', '1330.26'),
('262', 'Corsair Dominator Platinum', 'Speed:DDR4-3200,Type:288-pin DIMM,CAS:16Module:8x16GBSize:128GB', '1051.97'),
('263', 'Western Digital WDS250G1B0B', 'Series:Blue,Type:SSD,Capacity:250GB,Cache:N/A', '70.71'),
('264', 'Samsung MZ-75E120B/AM', 'Series:850 EVO-Series,Type:SSD,Capacity:120GB,Cache:N/A', '74.41'),
('265', 'G.Skill Trident Z', 'Speed:DDR4-3200,Type:288-pin DIMM,CAS:14Module:8x16GBSize:128GB', '1163.49'),
('266', 'G.Skill Trident Z RGB', 'Speed:DDR4-3333,Type:288-pin DIMM,CAS:16Module:8x16GBSize:128GB', '1174.36'),
('267', 'EVGA 12G-P4-1999-KR', 'Chipset:GeForce GTX Titan X,Memory:12GBCore Clock:1.15GHz', '1328.03'),
('268', 'Western Digital WD10EZEX', 'Series:Caviar Blue,Type:7200RPM,Capacity:1TB,Cache:64MB', '35.83'),
('269', 'Zotac ZT-P10810D-10P', 'Chipset:GeForce GTX 1080 Ti,Memory:11GBCore Clock:1.57GHz', '580.10'),
('27', 'Intel Core i7-3960X Extreme Edition', 'Speed:3.3GHz,Cores:6,TDP:130W', '573.41'),
('270', 'Gigabyte GV-N1070WF2OC-8GD', 'Chipset:GeForce GTX 1070,Memory:8GBCore Clock:1.56GHz', '551.62'),
('271', 'MSI X99A GODLIKE GAMING CARBON', 'CPU:LGA2011-3,Form Factor:EATX,RAM Slots:8,Max RAM:128GB', '415.00'),
('272', 'G.Skill Ripjaws 4 Series', 'Speed:DDR4-2800,Type:288-pin DIMM,CAS:15Module:8x16GBSize:128GB', '834.06'),
('273', 'Western Digital WD101KRYZ', 'Series:Gold,Type:7200RPM,Capacity:10TB,Cache:256MB', '313.96'),
('274', 'ASRock E3C224D4M-16RE', 'CPU:LGA1150,Form Factor:ATX,RAM Slots:4,Max RAM:32GB', '364.79'),
('275', 'MSI X99A GODLIKE GAMING', 'CPU:LGA2011-3,Form Factor:EATX,RAM Slots:8,Max RAM:128GB', '302.95'),
('276', 'Corsair Vengeance LPX', 'Speed:DDR4-2666,Type:288-pin DIMM,CAS:15Module:8x16GBSize:128GB', '867.52'),
('277', 'G.Skill Trident Z', 'Speed:DDR4-3200,Type:288-pin DIMM,CAS:14Module:8x8GBSize:64GB', '556.80'),
('278', 'G.Skill Ripjaws V Series', 'Speed:DDR4-3000,Type:288-pin DIMM,CAS:14Module:8x8GBSize:64GB', '546.05'),
('279', 'G.Skill Ripjaws V Series', 'Speed:DDR4-3000,Type:288-pin DIMM,CAS:14Module:8x16GBSize:128GB', '1139.87'),
('28', 'Supermicro X9SRH-7TF', 'CPU:LGA2011,Form Factor:ATX,RAM Slots:8,Max RAM:64GB', '411.64'),
('280', 'Western Digital WDS500G1B0B', 'Series:Blue,Type:SSD,Capacity:500GB,Cache:N/A', '106.89'),
('281', 'Asus ROG-POSEIDON-GTX1080TI-P11G-GAMING', 'Chipset:GeForce GTX 1080 Ti,Memory:11GBCore Clock:1.62GHz', '696.14'),
('282', 'Corsair Dominator Platinum', 'Speed:DDR4-3200,Type:288-pin DIMM,CAS:15Module:8x8GBSize:64GB', '700.50'),
('283', 'G.Skill Trident Z', 'Speed:DDR4-3200,Type:288-pin DIMM,CAS:14Module:8x8GBSize:64GB', '647.83'),
('284', 'Kingston SA400S37/120G', 'Series:A400,Type:SSD,Capacity:120GB,Cache:N/A', '40.63'),
('285', 'Samsung MZ-75E1T0B/AM', 'Series:850 EVO-Series,Type:SSD,Capacity:1TB,Cache:N/A', '260.23'),
('286', 'Samsung MZ-V6E500', 'Series:960 EVO,Type:SSD,Capacity:500GB,Cache:512MB', '209.62'),
('287', 'MSI X99A XPOWER GAMING TITANIUM', 'CPU:LGA2011-3,Form Factor:EATX,RAM Slots:8,Max RAM:128GB', '257.23'),
('288', 'Asus ROG STRIX X99 GAMING', 'CPU:LGA2011-3,Form Factor:ATX,RAM Slots:8,Max RAM:128GB', '255.86'),
('29', 'Corsair Vengeance LPX', 'Speed:DDR4-3200,Type:288-pin DIMM,CAS:15Module:4x16GBSize:64GB', '571.70'),
('3', 'Corsair CB-9060011-WW', 'Chipset:GeForce GTX 1080 Ti,Memory:11GBCore Clock:1.57GHz', '573.51'),
('30', 'G.Skill Ripjaws V Series', 'Speed:DDR4-2800,Type:288-pin DIMM,CAS:14Module:4x16GBSize:64GB', '452.54'),
('31', 'Supermicro MBD-X10DAX', 'CPU:LGA2011-3 x 2,Form Factor:EATX,RAM Slots:16,Max RAM:', '385.24'),
('32', 'ASRock X99 Extreme11', 'CPU:LGA2011-3,Form Factor:EATX,RAM Slots:8,Max RAM:128GB', '380.55'),
('33', 'ADATA ASU800SS-128GT-C', 'Series:Ultimate SU800,Type:SSD,Capacity:128GB,Cache:N/A', '37.78'),
('34', 'Asus KGPE-D16', 'CPU:G34 x 2,Form Factor:SSI EEB,RAM Slots:16,Max RAM:256GB', '360.72'),
('35', 'Corsair Dominator Platinum', 'Speed:DDR4-2800,Type:288-pin DIMM,CAS:15Module:8x16GBSize:128GB', '1131.68'),
('36', 'Corsair Vengeance LPX', 'Speed:DDR4-3000,Type:288-pin DIMM,CAS:15Module:8x16GBSize:128GB', '912.98'),
('37', 'Corsair Dominator Platinum', 'Speed:DDR4-2666,Type:288-pin DIMM,CAS:15Module:8x16GBSize:128GB', '1068.66'),
('38', 'Corsair Vengeance LPX', 'Speed:DDR4-2400,Type:288-pin DIMM,CAS:15Module:8x16GBSize:128GB', '1019.51'),
('39', 'ASRock EP2C602-4L/D16', 'CPU:LGA2011 x 2,Form Factor:SSI EEB,RAM Slots:16,Max RAM:512GB', '225.47'),
('4', 'AMD 100-505989', 'Chipset:FirePro W9100,Memory:32GBCore Clock:930MHz', '2128.67'),
('40', 'MSI Z170A KRAIT GAMING 3X', 'CPU:LGA1151,Form Factor:ATX,RAM Slots:4,Max RAM:64GB', '245.40'),
('41', 'MSI Z170 Krait Gaming', 'CPU:LGA1151,Form Factor:ATX,RAM Slots:4,Max RAM:64GB', '231.58'),
('42', 'MSI Z170A KRAIT GAMING', 'CPU:LGA1151,Form Factor:ATX,RAM Slots:4,Max RAM:64GB', '262.40'),
('43', 'Asus MAXIMUS IX CODE', 'CPU:LGA1151,Form Factor:ATX,RAM Slots:4,Max RAM:64GB', '266.15'),
('44', 'Seagate ST1000DM010', 'Series:BarraCuda,Type:7200RPM,Capacity:1TB,Cache:64MB', '42.18'),
('45', 'Intel Xeon E5-2685 V3 (OEM/Tray)', 'Speed:2.6GHz,Cores:12,TDP:120W', '2012.11'),
('46', 'Intel Xeon E5-2695 V3 (OEM/Tray)', 'Speed:2.3GHz,Cores:14,TDP:120W', '1925.13'),
('47', 'Intel Xeon E5-2697 V2', 'Speed:2.7GHz,Cores:12,TDP:130W', '2101.59'),
('48', 'AMD FirePro S7000', 'Chipset:FirePro S7000,Memory:4GBCore Clock:950MHz', '936.42'),
('49', 'Samsung MZ-75E4T0B', 'Series:850 EVO,Type:SSD,Capacity:4TB,Cache:4GB', '1153.64'),
('5', 'PNY VCQK6000-PB', 'Chipset:Quadro K6000,Memory:12GBCore Clock:902MHz', '1740.31'),
('50', 'Intel SSDPECME040T401', 'Series:DC P3608,Type:SSD,Capacity:4TB,Cache:N/A', '7123.66'),
('51', 'Intel Xeon E5-2695 V4', 'Speed:2.1GHz,Cores:18,TDP:120W', '1780.35'),
('52', 'Intel Xeon E5-2670 V3', 'Speed:2.3GHz,Cores:12,TDP:120W', '1453.94'),
('53', 'Intel Core 2 Extreme QX6800', 'Speed:2.93GHz,Cores:4,TDP:100W', '787.72'),
('54', 'Intel Xeon E5-1660 V3 (OEM/Tray)', 'Speed:3.0GHz,Cores:8,TDP:140W', '914.52'),
('55', 'Crucial CT525MX300SSD4', 'Series:MX300,Type:SSD,Capacity:525GB,Cache:N/A', '121.92'),
('56', 'Western Digital WD2500AAJS', 'Series:Caviar Blue,Type:7200RPM,Capacity:250GB,Cache:8MB', '15.23'),
('57', 'Western Digital WD20EZRZ', 'Series:Blue,Type:5400RPM,Capacity:2TB,Cache:64MB', '58.01'),
('58', 'Gigabyte GV-N108TAORUS X-11GD', 'Chipset:GeForce GTX 1080 Ti,Memory:11GBCore Clock:1.61GHz', '688.35'),
('59', 'Intel Core i7-5960X (OEM/Tray)', 'Speed:3.0GHz,Cores:8,TDP:140W', '879.80'),
('6', 'Zotac ZT-P10810A-10P', 'Chipset:GeForce GTX 1080 Ti,Memory:11GBCore Clock:1.48GHz', '702.35'),
('60', 'Hitachi HUA723020ALA640', 'Series:Ultrastar 7K3000,Type:7200RPM,Capacity:2TB,Cache:64MB', '45.18'),
('61', 'Asus PRIME X299-DELUXE', 'CPU:LGA2066,Form Factor:ATX,RAM Slots:8,Max RAM:128GB', '409.92'),
('62', 'Intel DP35DPM', 'CPU:LGA775,Form Factor:ATX,RAM Slots:4,Max RAM:8GB', '626.22'),
('63', 'Asus RAMPAGE V EXTREME', 'CPU:LGA2011-3,Form Factor:EATX,RAM Slots:8,Max RAM:64GB', '459.00'),
('64', 'Supermicro H8DG6-F', 'CPU:G34 x 2,Form Factor:EATX,RAM Slots:16,Max RAM:512GB', '416.64'),
('65', 'Corsair Dominator Platinum', 'Speed:DDR4-2400,Type:288-pin DIMM,CAS:15Module:8x16GBSize:128GB', '1002.47'),
('66', 'Gigabyte X299 AORUS Gaming 7', 'CPU:LGA2066,Form Factor:ATX,RAM Slots:8,Max RAM:128GB', '283.91'),
('67', 'Kingston HyperX Beast', 'Speed:DDR3-1866,Type:240-pin DIMM,CAS:10Module:8x8GBSize:64GB', '708.91'),
('68', 'Crucial', 'Speed:DDR4-2133,Type:288-pin DIMM,CAS:15Module:4x16GBSize:64GB', '590.13'),
('69', 'Intel Core i7-7820X', 'Speed:3.6GHz,Cores:8,TDP:140W', '511.10'),
('7', 'G.Skill Ripjaws V Series', 'Speed:DDR4-3200,Type:288-pin DIMM,CAS:15Module:8x8GBSize:64GB', '602.40'),
('70', 'Intel Xeon E5-2687W', 'Speed:3.1GHz,Cores:8,TDP:150W', '581.16'),
('71', 'Intel Core i7-3930K', 'Speed:3.2GHz,Cores:6,TDP:130W', '509.32'),
('72', 'Intel Xeon E5-2630 V3 (OEM/Tray)', 'Speed:2.4GHz,Cores:8,TDP:85W', '421.90'),
('73', 'Intel Core i7-4770K', 'Speed:3.5GHz,Cores:4,TDP:84W', '714.15'),
('74', 'Intel Xeon E5-2680 V2', 'Speed:2.8GHz,Cores:10,TDP:115W', '567.81'),
('75', 'Intel Core i7-4930K', 'Speed:3.4GHz,Cores:6,TDP:130W', '527.69'),
('76', 'Intel Xeon E5-2630 V3', 'Speed:2.4GHz,Cores:8,TDP:85W', '499.96'),
('77', 'G.Skill Ripjaws V Series', 'Speed:DDR4-3200,Type:288-pin DIMM,CAS:14Module:4x16GBSize:64GB', '577.25'),
('78', 'G.Skill Ripjaws V Series', 'Speed:DDR4-3200,Type:288-pin DIMM,CAS:15Module:4x16GBSize:64GB', '517.78'),
('79', 'Corsair Dominator Platinum', 'Speed:DDR4-2666,Type:288-pin DIMM,CAS:15Module:8x8GBSize:64GB', '537.63'),
('8', 'Intel Xeon E5-1650 V4', 'Speed:3.6GHz,Cores:6,TDP:140W', '535.47'),
('80', 'Intel Xeon E5-1650 V3', 'Speed:3.5GHz,Cores:6,TDP:140W', '399.77'),
('81', 'Intel Xeon E5-2650 V4', 'Speed:2.2GHz,Cores:12,TDP:105W', '945.11'),
('82', 'Intel Core i7-6950X', 'Speed:3.0GHz,Cores:10,TDP:140W', '1052.92'),
('83', 'Asus STRIX-GTX1080TI-O11G-GAMING', 'Chipset:GeForce GTX 1080 Ti,Memory:11GBCore Clock:1.57GHz', '691.13'),
('84', 'Asus X99-DELUXE/U3.1', 'CPU:LGA2011-3,Form Factor:ATX,RAM Slots:8,Max RAM:64GB', '332.38'),
('85', 'Intel Xeon E5-2660 V3 (OEM/Tray)', 'Speed:2.6GHz,Cores:10,TDP:105W', '902.18'),
('86', 'MSI GTX 1080 TI SEA HAWK X', 'Chipset:GeForce GTX 1080 Ti,Memory:11GBCore Clock:1.57GHz', '691.32'),
('87', 'PNY VCGGTX1080T11XGPB-OC', 'Chipset:GeForce GTX 1080 Ti,Memory:11GBCore Clock:1.53GHz', '600.92'),
('88', 'Gigabyte GV-N98TWF3OC-6GD', 'Chipset:GeForce GTX 980 Ti,Memory:6GBCore Clock:1.06GHz', '633.29'),
('89', 'PNY VCGGTX780T3XPB-OC', 'Chipset:GeForce GTX 780 Ti,Memory:3GBCore Clock:980MHz', '592.12'),
('9', 'Intel Xeon E5-2640 V4', 'Speed:2.4GHz,Cores:10,TDP:90W', '738.71'),
('90', 'EVGA 11G-P4-6696-KR', 'Chipset:GeForce GTX 1080 Ti,Memory:11GBCore Clock:1.56GHz', '594.46'),
('91', 'Intel Xeon E5-2695 V2', 'Speed:2.4GHz,Cores:12,TDP:115W', '1793.53'),
('92', 'Intel Xeon E5-2643 V2 (OEM/Tray)', 'Speed:3.5GHz,Cores:6,TDP:130W', '1940.18'),
('93', 'Intel Xeon E5-2690 (OEM/Tray)', 'Speed:2.9GHz,Cores:8,TDP:135W', '1888.33'),
('94', 'Western Digital WD2500AVVS', 'Series:AV-GP,Type:5400RPM,Capacity:250GB,Cache:8MB', '12.63'),
('95', 'Western Digital WDS256G1X0C', 'Series:Black PCIe,Type:SSD,Capacity:256GB,Cache:N/A', '85.87'),
('96', 'SanDisk SDSSDHII-480G-G25', 'Series:Ultra II,Type:SSD,Capacity:480GB,Cache:N/A', '102.62'),
('97', 'Kingston SV300S37A/120G', 'Series:SSDNow V300 Series,Type:SSD,Capacity:120GB,Cache:N/A', '45.93'),
('98', 'Intel Xeon E5-2687W V3', 'Speed:3.1GHz,Cores:10,TDP:160W', '1781.47'),
('99', 'Seagate ST1000DX002', 'Series:FireCuda,Type:Hybrid,Capacity:1TB,Cache:64MB', '55.41');

-- --------------------------------------------------------

--
-- Table structure for table `Shipment`
--

CREATE TABLE `Shipment` (
  `Tracking_ID` varchar(8) COLLATE utf8mb4_thai_520_w2 NOT NULL,
  `Order_ID` varchar(8) COLLATE utf8mb4_thai_520_w2 NOT NULL,
  `Wh_ID` varchar(4) COLLATE utf8mb4_thai_520_w2 NOT NULL,
  `Deliver_date` date NOT NULL,
  `Driver` varchar(30) COLLATE utf8mb4_thai_520_w2 NOT NULL
) ENGINE=InnoDB DEFAULT CHARSET=utf8mb4 COLLATE=utf8mb4_thai_520_w2;

-- --------------------------------------------------------

--
-- Table structure for table `Stock`
--

CREATE TABLE `Stock` (
  `Wh_ID` varchar(4) COLLATE utf8mb4_thai_520_w2 NOT NULL,
  `Product_ID` varchar(8) COLLATE utf8mb4_thai_520_w2 NOT NULL,
  `Balance` decimal(8,2) NOT NULL
) ENGINE=InnoDB DEFAULT CHARSET=utf8mb4 COLLATE=utf8mb4_thai_520_w2;

--
-- Dumping data for table `Stock`
--

INSERT INTO `Stock` (`Wh_ID`, `Product_ID`, `Balance`) VALUES
('W001', '210', '122.00'),
('W001', '211', '123.00'),
('W001', '212', '123.00'),
('W001', '214', '124.00'),
('W001', '216', '125.00'),
('W001', '217', '125.00'),
('W001', '218', '126.00'),
('W001', '220', '149.00'),
('W001', '221', '150.00'),
('W001', '222', '150.00'),
('W001', '223', '151.00'),
('W001', '229', '123.00'),
('W001', '230', '124.00'),
('W001', '231', '124.00'),
('W001', '232', '124.00'),
('W001', '233', '124.00'),
('W001', '234', '124.00'),
('W001', '235', '125.00'),
('W001', '241', '121.00'),
('W001', '242', '121.00'),
('W001', '243', '121.00'),
('W001', '245', '137.00'),
('W001', '254', '136.00'),
('W001', '255', '136.00'),
('W001', '256', '136.00'),
('W001', '257', '136.00'),
('W001', '258', '136.00'),
('W001', '259', '137.00'),
('W001', '260', '137.00'),
('W001', '263', '137.00'),
('W001', '264', '137.00'),
('W001', '269', '178.00'),
('W001', '270', '178.00'),
('W001', '271', '183.00'),
('W001', '272', '184.00'),
('W001', '273', '156.00'),
('W001', '274', '160.00'),
('W001', '276', '187.00'),
('W001', '277', '187.00'),
('W001', '278', '188.00'),
('W001', '280', '154.00'),
('W001', '281', '167.00'),
('W001', '283', '194.00'),
('W001', '284', '268.00'),
('W001', '285', '176.00'),
('W001', '286', '177.00'),
('W002', '101', '3.00'),
('W002', '102', '36.00'),
('W002', '103', '5.00'),
('W002', '105', '6.00'),
('W002', '106', '6.00'),
('W002', '107', '6.00'),
('W002', '108', '6.00'),
('W002', '109', '6.00'),
('W002', '11', '37.00'),
('W002', '110', '7.00'),
('W002', '114', '8.00'),
('W002', '115', '9.00'),
('W002', '116', '9.00'),
('W002', '117', '9.00'),
('W002', '119', '10.00'),
('W002', '12', '37.00'),
('W002', '120', '10.00'),
('W002', '121', '10.00'),
('W002', '122', '11.00'),
('W002', '123', '11.00'),
('W002', '124', '11.00'),
('W002', '125', '11.00'),
('W002', '126', '12.00'),
('W002', '128', '12.00'),
('W002', '129', '12.00'),
('W002', '13', '37.00'),
('W002', '132', '13.00'),
('W002', '133', '13.00'),
('W002', '136', '14.00'),
('W002', '137', '15.00'),
('W002', '138', '16.00'),
('W002', '14', '38.00'),
('W002', '141', '18.00'),
('W002', '142', '19.00'),
('W002', '15', '41.00'),
('W002', '159', '15.00'),
('W002', '160', '21.00'),
('W002', '161', '36.00'),
('W002', '163', '35.00'),
('W002', '166', '54.00'),
('W002', '17', '3.00'),
('W002', '174', '74.00'),
('W002', '175', '74.00'),
('W002', '18', '3.00'),
('W002', '182', '110.00'),
('W002', '184', '111.00'),
('W002', '185', '111.00'),
('W002', '188', '119.00'),
('W002', '189', '119.00'),
('W002', '19', '3.00'),
('W002', '190', '120.00'),
('W002', '191', '120.00'),
('W002', '193', '121.00'),
('W002', '195', '122.00'),
('W002', '196', '122.00'),
('W002', '198', '122.00'),
('W002', '199', '123.00'),
('W002', '2', '23.00'),
('W002', '20', '4.00'),
('W002', '200', '123.00'),
('W002', '201', '124.00'),
('W002', '203', '124.00'),
('W002', '204', '125.00'),
('W002', '205', '125.00'),
('W002', '207', '109.00'),
('W002', '21', '4.00'),
('W002', '210', '110.00'),
('W002', '211', '111.00'),
('W002', '212', '111.00'),
('W002', '214', '112.00'),
('W002', '216', '113.00'),
('W002', '217', '113.00'),
('W002', '218', '114.00'),
('W002', '220', '134.00'),
('W002', '221', '135.00'),
('W002', '222', '135.00'),
('W002', '223', '136.00'),
('W002', '241', '109.00'),
('W002', '242', '109.00'),
('W002', '243', '109.00'),
('W002', '245', '125.00'),
('W002', '269', '161.00'),
('W002', '27', '5.00'),
('W002', '270', '161.00'),
('W002', '271', '165.00'),
('W002', '272', '166.00'),
('W002', '274', '148.00'),
('W002', '276', '169.00'),
('W002', '277', '169.00'),
('W002', '278', '170.00'),
('W002', '281', '155.00'),
('W002', '283', '179.00'),
('W002', '29', '6.00'),
('W002', '3', '35.00'),
('W002', '30', '6.00'),
('W002', '31', '7.00'),
('W002', '32', '7.00'),
('W002', '34', '8.00'),
('W002', '4', '35.00'),
('W002', '46', '6.00'),
('W002', '47', '0.00'),
('W002', '5', '36.00'),
('W002', '54', '33.00'),
('W002', '6', '36.00'),
('W002', '62', '32.00'),
('W002', '63', '33.00'),
('W002', '67', '34.00'),
('W002', '68', '34.00'),
('W002', '69', '35.00'),
('W002', '7', '36.00'),
('W002', '70', '35.00'),
('W002', '71', '35.00'),
('W002', '72', '35.00'),
('W002', '73', '27.00'),
('W002', '74', '27.00'),
('W002', '76', '28.00'),
('W002', '78', '29.00'),
('W002', '79', '29.00'),
('W002', '8', '36.00'),
('W002', '80', '29.00'),
('W002', '84', '33.00'),
('W002', '87', '35.00'),
('W002', '88', '7.00'),
('W002', '89', '8.00'),
('W002', '9', '36.00'),
('W002', '90', '8.00'),
('W002', '91', '22.00'),
('W002', '98', '32.00'),
('W003', '103', '125.00'),
('W003', '105', '126.00'),
('W003', '108', '126.00'),
('W003', '11', '108.00'),
('W003', '110', '127.00'),
('W003', '114', '128.00'),
('W003', '12', '108.00'),
('W003', '123', '131.00'),
('W003', '132', '133.00'),
('W003', '133', '133.00'),
('W003', '142', '89.00'),
('W003', '161', '132.00'),
('W003', '174', '170.00'),
('W003', '175', '170.00'),
('W003', '182', '175.00'),
('W003', '184', '175.00'),
('W003', '185', '176.00'),
('W003', '207', '205.00'),
('W003', '216', '209.00'),
('W003', '220', '196.00'),
('W003', '221', '197.00'),
('W003', '222', '197.00'),
('W003', '223', '197.00'),
('W003', '245', '221.00'),
('W003', '269', '222.00'),
('W003', '270', '222.00'),
('W003', '281', '251.00'),
('W003', '3', '106.00'),
('W003', '4', '106.00'),
('W003', '5', '106.00'),
('W003', '6', '107.00'),
('W003', '80', '125.00'),
('W003', '87', '131.00'),
('W003', '88', '117.00'),
('W003', '89', '118.00'),
('W003', '90', '118.00'),
('W004', '100', '94.00'),
('W004', '101', '173.00'),
('W004', '103', '178.00'),
('W004', '104', '81.00'),
('W004', '105', '178.00'),
('W004', '106', '178.00'),
('W004', '107', '178.00'),
('W004', '108', '179.00'),
('W004', '109', '179.00'),
('W004', '11', '98.00'),
('W004', '110', '179.00'),
('W004', '114', '180.00'),
('W004', '115', '181.00'),
('W004', '116', '182.00'),
('W004', '117', '182.00'),
('W004', '119', '183.00'),
('W004', '12', '98.00'),
('W004', '120', '183.00'),
('W004', '121', '183.00'),
('W004', '122', '183.00'),
('W004', '123', '184.00'),
('W004', '124', '184.00'),
('W004', '125', '184.00'),
('W004', '126', '184.00'),
('W004', '128', '185.00'),
('W004', '129', '185.00'),
('W004', '13', '98.00'),
('W004', '130', '88.00'),
('W004', '131', '88.00'),
('W004', '132', '185.00'),
('W004', '133', '185.00'),
('W004', '134', '89.00'),
('W004', '135', '89.00'),
('W004', '136', '186.00'),
('W004', '138', '191.00'),
('W004', '139', '93.00'),
('W004', '14', '98.00'),
('W004', '140', '94.00'),
('W004', '142', '194.00'),
('W004', '144', '95.00'),
('W004', '145', '96.00'),
('W004', '146', '96.00'),
('W004', '147', '96.00'),
('W004', '148', '97.00'),
('W004', '149', '97.00'),
('W004', '15', '99.00'),
('W004', '150', '101.00'),
('W004', '151', '101.00'),
('W004', '152', '101.00'),
('W004', '161', '120.00'),
('W004', '166', '138.00'),
('W004', '168', '128.00'),
('W004', '17', '100.00'),
('W004', '174', '158.00'),
('W004', '175', '158.00'),
('W004', '18', '101.00'),
('W004', '182', '177.00'),
('W004', '184', '178.00'),
('W004', '185', '178.00'),
('W004', '188', '171.00'),
('W004', '189', '172.00'),
('W004', '19', '101.00'),
('W004', '190', '172.00'),
('W004', '191', '173.00'),
('W004', '193', '173.00'),
('W004', '195', '174.00'),
('W004', '196', '174.00'),
('W004', '198', '175.00'),
('W004', '199', '176.00'),
('W004', '20', '104.00'),
('W004', '200', '176.00'),
('W004', '201', '176.00'),
('W004', '203', '177.00'),
('W004', '204', '177.00'),
('W004', '205', '177.00'),
('W004', '207', '193.00'),
('W004', '21', '105.00'),
('W004', '210', '194.00'),
('W004', '211', '195.00'),
('W004', '212', '195.00'),
('W004', '214', '196.00'),
('W004', '216', '197.00'),
('W004', '218', '198.00'),
('W004', '22', '114.00'),
('W004', '220', '184.00'),
('W004', '221', '185.00'),
('W004', '222', '185.00'),
('W004', '223', '185.00'),
('W004', '227', '189.00'),
('W004', '228', '189.00'),
('W004', '229', '212.00'),
('W004', '23', '114.00'),
('W004', '230', '213.00'),
('W004', '231', '213.00'),
('W004', '232', '213.00'),
('W004', '233', '213.00'),
('W004', '234', '213.00'),
('W004', '235', '214.00'),
('W004', '236', '214.00'),
('W004', '237', '214.00'),
('W004', '238', '214.00'),
('W004', '239', '214.00'),
('W004', '24', '115.00'),
('W004', '245', '209.00'),
('W004', '25', '115.00'),
('W004', '254', '225.00'),
('W004', '255', '225.00'),
('W004', '256', '225.00'),
('W004', '257', '226.00'),
('W004', '258', '226.00'),
('W004', '259', '226.00'),
('W004', '26', '115.00'),
('W004', '260', '226.00'),
('W004', '261', '226.00'),
('W004', '262', '227.00'),
('W004', '263', '227.00'),
('W004', '264', '227.00'),
('W004', '265', '227.00'),
('W004', '269', '210.00'),
('W004', '27', '106.00'),
('W004', '270', '210.00'),
('W004', '271', '215.00'),
('W004', '272', '216.00'),
('W004', '273', '264.00'),
('W004', '274', '232.00'),
('W004', '276', '219.00'),
('W004', '277', '219.00'),
('W004', '278', '220.00'),
('W004', '279', '244.00'),
('W004', '280', '244.00'),
('W004', '281', '239.00'),
('W004', '283', '226.00'),
('W004', '284', '353.00'),
('W004', '285', '267.00'),
('W004', '286', '267.00'),
('W004', '29', '107.00'),
('W004', '3', '96.00'),
('W004', '30', '107.00'),
('W004', '33', '117.00'),
('W004', '35', '118.00'),
('W004', '36', '118.00'),
('W004', '37', '119.00'),
('W004', '38', '119.00'),
('W004', '39', '119.00'),
('W004', '4', '96.00'),
('W004', '40', '119.00'),
('W004', '41', '119.00'),
('W004', '42', '122.00'),
('W004', '43', '122.00'),
('W004', '44', '122.00'),
('W004', '5', '96.00'),
('W004', '50', '117.00'),
('W004', '54', '110.00'),
('W004', '6', '96.00'),
('W004', '62', '149.00'),
('W004', '63', '149.00'),
('W004', '67', '154.00'),
('W004', '68', '154.00'),
('W004', '69', '154.00'),
('W004', '7', '97.00'),
('W004', '70', '155.00'),
('W004', '71', '155.00'),
('W004', '72', '155.00'),
('W004', '73', '111.00'),
('W004', '74', '111.00'),
('W004', '76', '112.00'),
('W004', '78', '113.00'),
('W004', '79', '113.00'),
('W004', '8', '97.00'),
('W004', '80', '113.00'),
('W004', '87', '119.00'),
('W004', '88', '167.00'),
('W004', '89', '167.00'),
('W004', '9', '97.00'),
('W004', '90', '167.00'),
('W004', '94', '91.00'),
('W004', '99', '94.00');

-- --------------------------------------------------------

--
-- Table structure for table `Warehouse`
--

CREATE TABLE `Warehouse` (
  `Wh_ID` varchar(4) COLLATE utf8mb4_thai_520_w2 NOT NULL,
  `Address` varchar(50) COLLATE utf8mb4_thai_520_w2 NOT NULL,
  `Post_code` varchar(5) COLLATE utf8mb4_thai_520_w2 NOT NULL
) ENGINE=InnoDB DEFAULT CHARSET=utf8mb4 COLLATE=utf8mb4_thai_520_w2;

--
-- Dumping data for table `Warehouse`
--

INSERT INTO `Warehouse` (`Wh_ID`, `Address`, `Post_code`) VALUES
('W001', '123  ', '10520'),
('W002', '342 .', '81000'),
('W003', '56  700  ', '50000'),
('W004', '145 . .', '60000');

--
-- Indexes for dumped tables
--

--
-- Indexes for table `Customer`
--
ALTER TABLE `Customer`
  ADD PRIMARY KEY (`Customer_ID`),
  ADD KEY `Post_code` (`Post_code`);

--
-- Indexes for table `Ordering`
--
ALTER TABLE `Ordering`
  ADD PRIMARY KEY (`Order_ID`,`Date`,`Product_ID`),
  ADD KEY `Customer_ID` (`Customer_ID`),
  ADD KEY `Product_ID` (`Product_ID`);

--
-- Indexes for table `Post_code`
--
ALTER TABLE `Post_code`
  ADD PRIMARY KEY (`Post_code`);

--
-- Indexes for table `Product`
--
ALTER TABLE `Product`
  ADD PRIMARY KEY (`Product_ID`);

--
-- Indexes for table `Shipment`
--
ALTER TABLE `Shipment`
  ADD PRIMARY KEY (`Tracking_ID`),
  ADD KEY `Order_ID` (`Order_ID`),
  ADD KEY `Wh_ID` (`Wh_ID`);

--
-- Indexes for table `Stock`
--
ALTER TABLE `Stock`
  ADD PRIMARY KEY (`Wh_ID`,`Product_ID`),
  ADD KEY `Product_ID` (`Product_ID`);

--
-- Indexes for table `Warehouse`
--
ALTER TABLE `Warehouse`
  ADD PRIMARY KEY (`Wh_ID`),
  ADD KEY `Post_code` (`Post_code`);

--
-- Constraints for dumped tables
--

--
-- Constraints for table `Customer`
--
ALTER TABLE `Customer`
  ADD CONSTRAINT `Customer_ibfk_1` FOREIGN KEY (`Post_code`) REFERENCES `Post_code` (`Post_code`);

--
-- Constraints for table `Ordering`
--
ALTER TABLE `Ordering`
  ADD CONSTRAINT `Ordering_ibfk_1` FOREIGN KEY (`Customer_ID`) REFERENCES `Customer` (`Customer_ID`),
  ADD CONSTRAINT `Ordering_ibfk_2` FOREIGN KEY (`Product_ID`) REFERENCES `Product` (`Product_ID`);

--
-- Constraints for table `Shipment`
--
ALTER TABLE `Shipment`
  ADD CONSTRAINT `Shipment_ibfk_1` FOREIGN KEY (`Order_ID`) REFERENCES `Ordering` (`Order_ID`),
  ADD CONSTRAINT `Shipment_ibfk_2` FOREIGN KEY (`Wh_ID`) REFERENCES `Warehouse` (`Wh_ID`);

--
-- Constraints for table `Stock`
--
ALTER TABLE `Stock`
  ADD CONSTRAINT `Stock_ibfk_1` FOREIGN KEY (`Product_ID`) REFERENCES `Product` (`Product_ID`),
  ADD CONSTRAINT `Stock_ibfk_2` FOREIGN KEY (`Wh_ID`) REFERENCES `Warehouse` (`Wh_ID`);

--
-- Constraints for table `Warehouse`
--
ALTER TABLE `Warehouse`
  ADD CONSTRAINT `Warehouse_ibfk_1` FOREIGN KEY (`Post_code`) REFERENCES `Post_code` (`Post_code`);
COMMIT;

/*!40101 SET CHARACTER_SET_CLIENT=@OLD_CHARACTER_SET_CLIENT */;
/*!40101 SET CHARACTER_SET_RESULTS=@OLD_CHARACTER_SET_RESULTS */;
/*!40101 SET COLLATION_CONNECTION=@OLD_COLLATION_CONNECTION */;
